0000	https://dap.digitalgov.gov/Universal-Federated-Analytics-Min.js?agency=USPS	GET	application/x-javascript	20237
0001	https://dbcalc.usps.com/AjaxWebService.asmx/js	GET	application/x-javascript; charset=utf-8	4774
0002	https://dbcalc.usps.com/App_Themes/DomBusinessCalc/StyleSheet110300.css	GET	text/css	7113
0003	https://dbcalc.usps.com/CalculatorSetPage.aspx	GET	text/html; charset=utf-8	12397
0004	https://dbcalc.usps.com/CombineScriptsHandler.ashx?_TSM_HiddenField_=ctl00_ToolkitScriptManager1_HiddenField&_TSM_CombinedScripts_=%3b%3bAjaxControlToolkit%2c+Version%3d3.5.60501.0%2c+Culture%3dneutral%2c+PublicKeyToken%3d28f01b0e84b6d53e%3aen-US%3a61715ba4-0922-4e75-a2be-d80670612837%3a475a4ef5%3aeffe2a26%3a751cdd15	GET	application/x-javascript	47350
0005	https://dbcalc.usps.com/DomBusScript110402.js	GET	application/x-javascript	25292
0006	https://dbcalc.usps.com/ScriptResource.axd?d=hYC3jcXaJWou1CMu2qOAfSQRfYadnVIDz4LtAE9C9XZQJ13fRhuvdXyjiP1BR2z2WrhfO00VFXBVL1bvHr9Hmxd8gGJhQpy3OEEzO4kT7LRpCQL00&t=2939b118	GET	application/x-javascript	89468
0007	https://dbcalc.usps.com/WebResource.axd?d=P9D8DESFHD7zeTi5XQmPAxiucFUYsnQelaOhrw1MTOrBv-qlZd25fL85Y11IQjyug1_1kPueLmUCMickaKNcX4UbcfQ1&t=635588402811475957	GET	application/x-javascript	20794
0008	https://dbcalc.usps.com/images/Background.jpg	GET	image/jpeg	475
0009	https://dbcalc.usps.com/images/ButtonMobile.jpg	GET	image/jpeg	1407
0010	https://dbcalc.usps.com/images/ButtonPostalExplorer.jpg	GET	image/jpeg	1172
0011	https://dbcalc.usps.com/images/ButtonRetail.jpg	GET	image/jpeg	1426
0012	https://dbcalc.usps.com/images/ButtonShowHistory.jpg	GET	image/jpeg	1680
0013	https://dbcalc.usps.com/images/ButtonStartOver.jpg	GET	image/jpeg	1641
0014	https://dbcalc.usps.com/images/ButtonUSPS.jpg	GET	image/jpeg	1027
0015	https://dbcalc.usps.com/images/HeaderBar.jpg	GET	image/jpeg	295
0016	https://dbcalc.usps.com/images/USPSLogo.jpg	GET	image/jpeg	3424
0017	https://dbcalc.usps.com/images/facebook.png	GET	image/png	1953
0018	https://dbcalc.usps.com/images/favicon.ico	GET	image/x-icon	1150
0019	https://dbcalc.usps.com/images/logo-mini.png	GET	image/png	2998
0020	https://dbcalc.usps.com/images/pinterest.png	GET	image/png	2773
0021	https://dbcalc.usps.com/images/twitter.png	GET	image/png	2175
0022	https://dbcalc.usps.com/images/youtube.png	GET	image/png	2119
0023	https://postcalc.usps.com/	GET	text/html; charset=utf-8	141
0024	https://postcalc.usps.com/Mobile/Default.aspx	GET	text/html; charset=utf-8	8859
0025	https://postcalc.usps.com/Mobile/MobileStyleSheet.css	GET	text/css	3809
0026	https://postcalc.usps.com/favicon.ico	GET	text/html	1245
0027	https://postcalc.usps.com/images/USPSMobileLogo.gif	GET	image/gif	1241
0028	https://www.google-analytics.com/analytics.js	GET	text/html	155
0029	https://www.google.com/_/chrome/newtab?espv=2&ie=UTF-8	GET	text/html; charset=UTF-8	42094
0030	https://www.google.com/favicon.ico	GET	image/x-icon	5430
0031	https://www.google.com/images/branding/googlelogo/2x/googlelogo_color_272x92dp.png	GET	image/png	13504
0032	https://www.google.com/xjs/_/js/k=xjs.ntp.en_US.Ow4JBL94Dlk.O/m=jsa,ntp,d,csi/am=Gg/rt=j/d=1/t=zcms/rs=ACT90oEVhiZRYFsCjaYX3eVyMTYF6Dg1OA	GET	text/javascript; charset=UTF-8	170501
0033	https://www.googletagmanager.com/gtm.js?id=GTM-MVCC8H	GET	application/javascript; charset=UTF-8	196936
