0000	https://a0.muscache.com/ac/pictures/04598d26-f40d-4c44-8725-99e157fbb7ab.jpg?interpolation=lanczos-none&size=large&output-format=jpg&output-quality=70	GET	image/webp	11458
0001	https://a0.muscache.com/ac/pictures/0b5c2ac4-6ce6-4433-ae45-73727bc14ced.jpg?interpolation=lanczos-none&size=large&output-format=jpg&output-quality=70	GET	image/webp	8456
0002	https://a0.muscache.com/ac/pictures/0c79a1b5-333a-421b-b9e3-effb8b9b9958.jpg?interpolation=lanczos-none&size=large&output-format=jpg&output-quality=70	GET	image/webp	11476
0003	https://a0.muscache.com/ac/pictures/0e2e4ace-7f04-4895-b7c6-482c99e69908.jpg?interpolation=lanczos-none&size=large&output-format=jpg&output-quality=70	GET	image/webp	12454
0004	https://a0.muscache.com/ac/pictures/1d8ecdb4-da01-4d35-9c9e-2ef6ca604eca.jpg?interpolation=lanczos-none&size=large&output-format=jpg&output-quality=70	GET	image/webp	23048
0005	https://a0.muscache.com/ac/pictures/5be8a4f2-0aab-4bb8-b892-61527da7b550.jpg?interpolation=lanczos-none&size=large&output-format=jpg&output-quality=70	GET	image/webp	11436
0006	https://a0.muscache.com/ac/pictures/650757ef-ed35-49b6-a3a0-ce289ab57b42.jpg?interpolation=lanczos-none&size=large&output-format=jpg&output-quality=70	GET	image/webp	12528
0007	https://a0.muscache.com/ac/pictures/7bff51c1-3c35-47a5-a86c-5ea75ab6be6c.jpg?interpolation=lanczos-none&size=large&output-format=jpg&output-quality=70	GET	image/webp	14696
0008	https://a0.muscache.com/ac/pictures/8346a424-a1dc-4c50-921d-a5226b44529f.jpg?interpolation=lanczos-none&size=large&output-format=jpg&output-quality=70	GET	image/webp	21934
0009	https://a0.muscache.com/ac/pictures/be1dee1c-2ce7-4efb-aca8-26d47a59514b.jpg?interpolation=lanczos-none&size=large&output-format=jpg&output-quality=70	GET	image/webp	4372
0010	https://a0.muscache.com/ac/pictures/d915ce17-d822-426d-b549-0c7b641fec56.jpg?interpolation=lanczos-none&size=large&output-format=jpg&output-quality=70	GET	image/webp	14306
0011	https://a0.muscache.com/ac/pictures/ebbb24af-52d6-490c-89e9-16cc560140e8.jpg?interpolation=lanczos-none&size=large&output-format=jpg&output-quality=70	GET	image/webp	12358
0012	https://a0.muscache.com/airbnb/static/107.107-df7f78c0e71b44c93b3c.js	GET	application/javascript	70197
0013	https://a0.muscache.com/airbnb/static/317.317-05d5631d3f99efcc2257.js	GET	application/javascript	365006
0014	https://a0.muscache.com/airbnb/static/airbnb-o2/fonts/Circular_Air-Bold-c6b068854263ae24ccc36a2b944d7017.woff2	GET	binary/octet-stream	57072
0015	https://a0.muscache.com/airbnb/static/airbnb-o2/fonts/Circular_Air-Book-f016908d84431f0566776240dc8652fc.woff2	GET	binary/octet-stream	53572
0016	https://a0.muscache.com/airbnb/static/airbnb-o2/fonts/Circular_Air-Book_Italic-4909b413294f9048153d6dee23438b24.woff2	GET	binary/octet-stream	32360
0017	https://a0.muscache.com/airbnb/static/airbnb-o2/fonts/Circular_Air-Light-328fc4c742a91de3477978911e384410.woff2	GET	binary/octet-stream	57628
0018	https://a0.muscache.com/airbnb/static/airbnb-o2/fonts/airglyphs-701f40935e70e54947e28932ff4c09cc.woff	GET	binary/octet-stream	47540
0019	https://a0.muscache.com/airbnb/static/icons/android-icon-192x192-c0465f9f0380893768972a31a614b670.png	GET	image/png	7384
0020	https://a0.muscache.com/airbnb/static/logotype_favicon-21cc8e6c6a2cca43f061d2dcabdf6e58.ico	GET	image/x-icon	4286
0021	https://a0.muscache.com/airbnb/static/p1/main-fc5bbe1779cabe6c17cc3bb2f9c1a12a.css	GET	text/css	60303
0022	https://a0.muscache.com/airbnb/static/packages/cdn_provider-955038e0686ec92cb7402ca76b957d11.js	GET	application/javascript	39
0023	https://a0.muscache.com/airbnb/static/packages/common-ccc40d5e9b21fe57803c2c99a9f060cd.css	GET	text/css	297533
0024	https://a0.muscache.com/airbnb/static/packages/common_o2.1-8d41663e2369a993e9cff5721fe3e5ab.css	GET	text/css	212805
0025	https://a0.muscache.com/airbnb/static/packages/core.bundle-0eb4ae4168e014cd84cd.js	GET	application/javascript	1049023
0026	https://a0.muscache.com/airbnb/static/packages/field_guide.bundle-9458f21471d655cdbdf5.js	GET	application/javascript	37753
0027	https://a0.muscache.com/airbnb/static/packages/header_cookie.bundle-007f2181ed2415c98c6e.js	GET	application/javascript	24348
0028	https://a0.muscache.com/airbnb/static/packages/libs_jquery.bundle-4e93aff3e8ae35ab0229.js	GET	application/javascript	530162
0029	https://a0.muscache.com/airbnb/static/packages/map_search-8a1def005c31bdd195642fea533bad5c.css	GET	text/css	104474
0030	https://a0.muscache.com/airbnb/static/packages/moment/default.bundle-07ca0c1e6ef3a7bc9660.js	GET	application/javascript	49210
0031	https://a0.muscache.com/airbnb/static/packages/mystique/p1/page_container.bundle-42dddc7d077ad25cbdc7.js	GET	application/javascript	109883
0032	https://a0.muscache.com/airbnb/static/packages/mystique/signup_login_dls/header.bundle-a0c6f56241f6106144dc.js	GET	application/javascript	39922
0033	https://a0.muscache.com/airbnb/static/packages/mystique/site_footer/site_footer.bundle-3c9df9df9ab415d84c44.js	GET	application/javascript	48891
0034	https://a0.muscache.com/airbnb/static/packages/p2.bundle-c1d828f225decd5aab98.js	GET	application/javascript	868788
0035	https://a0.muscache.com/airbnb/static/packages/p3-51bd98def744bb15f6165e8e1484ae97.css	GET	text/css	202559
0036	https://a0.muscache.com/airbnb/static/packages/p3.bundle-00e739864ebc786ee7c0.js	GET	application/javascript	1050492
0037	https://a0.muscache.com/im/pictures/0a128b48-95fb-4652-a4d4-d8e813a4081e.jpg?aki_policy=poster	GET	image/webp	34496
0038	https://a0.muscache.com/im/pictures/11424118/e1fb3923_original.jpg?aki_policy=large	GET	image/webp	39870
0039	https://a0.muscache.com/im/pictures/18813125/896b30c2_original.jpg?aki_policy=large	GET	image/webp	48716
0040	https://a0.muscache.com/im/pictures/19d809f6-e019-43b8-acfc-b2d77ad6ecbd.jpg?aki_policy=poster	GET	image/webp	12540
0041	https://a0.muscache.com/im/pictures/22534107/2deed15c_original.jpg?aki_policy=large	GET	image/webp	51170
0042	https://a0.muscache.com/im/pictures/2822748d-3cbc-47b1-af98-a79a22337bec.jpg?aki_policy=poster	GET	image/webp	45532
0043	https://a0.muscache.com/im/pictures/2876d4e6-3782-418b-a942-04bf0f10e18f.jpg?aki_policy=poster	GET	image/webp	27356
0044	https://a0.muscache.com/im/pictures/2efe4e14-7cb4-4867-b303-cb541434f8ab.jpg?aki_policy=poster	GET	image/webp	29594
0045	https://a0.muscache.com/im/pictures/42108668/89e3e54c_original.jpg?aki_policy=large	GET	image/webp	27572
0046	https://a0.muscache.com/im/pictures/4260100f-39ee-45c8-b637-4a31a45a8e4c.jpg?aki_policy=poster	GET	image/webp	26200
0047	https://a0.muscache.com/im/pictures/47ab2c6d-ea01-499c-8670-f6844340d57b.jpg?aki_policy=poster	GET	image/webp	11508
0048	https://a0.muscache.com/im/pictures/61626696/e9e5d6da_original.jpg?aki_policy=large	GET	image/webp	27582
0049	https://a0.muscache.com/im/pictures/73cc5d49-bb2a-4561-a7b1-56f1fabce1c0.jpg?aki_policy=poster	GET	image/webp	38706
0050	https://a0.muscache.com/im/pictures/7de15c93-a27b-4f97-83f0-f8e6dc048974.jpg?aki_policy=poster	GET	image/webp	31146
0051	https://a0.muscache.com/im/pictures/8cc29446-4b17-4a1d-be5f-5aff5a6e0a35.jpg?aki_policy=poster	GET	image/webp	34464
0052	https://a0.muscache.com/im/pictures/9158991/d0fa6362_original.jpg?aki_policy=large	GET	image/webp	31170
0053	https://a0.muscache.com/im/pictures/a121d776-78f6-4d29-a088-147498353a32.jpg?aki_policy=poster	GET	image/webp	37898
0054	https://a0.muscache.com/im/pictures/aeaed612-b00e-4899-872c-2df9f06094d2.jpg?aki_policy=poster	GET	image/webp	40790
0055	https://a0.muscache.com/im/pictures/b04fbc96-b1f7-44b2-972b-80559b531bfc.jpg?aki_policy=poster	GET	image/webp	47666
0056	https://a0.muscache.com/im/pictures/ebeb7b46-f695-44d0-a20c-ffc5beb26e32.jpg?aki_policy=poster	GET	image/webp	39194
0057	https://a0.muscache.com/im/pictures/f26e3064-fc1f-46e5-a06c-2d9325bccf5c.jpg?aki_policy=poster	GET	image/webp	44576
0058	https://a0.muscache.com/im/pictures/f2b461ab-2538-4222-bf8a-112eee9b771f.jpg?aki_policy=poster	GET	image/webp	23758
0059	https://a0.muscache.com/im/pictures/f300650e-db4c-4fd0-9206-098ef68b7e32.jpg?aki_policy=poster	GET	image/webp	16928
0060	https://bat.bing.com/bat.js	GET	application/javascript	7888
0061	https://cdn.branch.io/branch-v2.1.2.min.js	GET	text/javascript	41979
0062	https://connect.facebook.net/en_US/fbevents.js	GET	application/x-javascript; charset=utf-8	9524
0063	https://connect.facebook.net/en_US/sdk.js	GET	application/x-javascript; charset=utf-8	198453
0064	https://maps.googleapis.com/maps-api-v3/api/js/26/17/common.js	GET	text/javascript	120061
0065	https://maps.googleapis.com/maps-api-v3/api/js/26/17/controls.js	GET	text/javascript	86650
0066	https://maps.googleapis.com/maps-api-v3/api/js/26/17/places_impl.js	GET	text/javascript	17701
0067	https://maps.googleapis.com/maps-api-v3/api/js/26/17/stats.js	GET	text/javascript	3573
0068	https://maps.googleapis.com/maps-api-v3/api/js/26/17/usage.js	GET	text/javascript	4155
0069	https://maps.googleapis.com/maps-api-v3/api/js/26/17/util.js	GET	text/javascript	126268
0070	https://maps.googleapis.com/maps/api/js/AuthenticationService.Authenticate?1shttps%3A%2F%2Fwww.airbnb.com%2F&2sgme-airbnbinc&3smonorail-prod&callback=_xdc_._muggxf&token=102344	GET	text/javascript; charset=UTF-8	48
0071	https://maps.googleapis.com/maps/api/js/StatsService.RecordStats?1m3&1sut%7Cclient%3Agme-airbnbinc&2splaceAutocomplete&5v1&1m3&1sut%7Cclient%3Agme-airbnbinc%7Cchannel%3Amonorail-prod&2splaceAutocomplete&5v1&callback=_xdc_._86xw&token=42441	GET	text/javascript; charset=UTF-8	37
0072	https://maps.googleapis.com/maps/api/js?language=en&region=US&v=3.24&libraries=places&client=gme-airbnbinc&channel=monorail-prod&callback=onGoogleMapsPlacesLoad	GET	text/javascript; charset=UTF-8	72374
0073	https://maps.googleapis.com/maps/api/place/js/AutocompletionService.GetPredictions?1sto&4sen&6m6&1m2&1d-90&2d-180&2m2&1d90&2d180&9sgeocode&9sestablishment&15e3&client=gme-airbnbinc&channel=monorail-prod&callback=_xdc_._2udtr4&token=94911	GET	text/javascript; charset=UTF-8	2183
0074	https://maps.googleapis.com/maps/api/place/js/AutocompletionService.GetPredictions?1stor&4sen&6m6&1m2&1d-90&2d-180&2m2&1d90&2d180&9sgeocode&9sestablishment&15e3&client=gme-airbnbinc&channel=monorail-prod&callback=_xdc_._nh9v0r&token=73608	GET	text/javascript; charset=UTF-8	2166
0075	https://maps.googleapis.com/maps/api/place/js/AutocompletionService.GetPredictions?1storon&4sen&6m6&1m2&1d-90&2d-180&2m2&1d90&2d180&9sgeocode&9sestablishment&15e3&client=gme-airbnbinc&channel=monorail-prod&callback=_xdc_._xb99t4&token=85009	GET	text/javascript; charset=UTF-8	2537
0076	https://maps.googleapis.com/maps/api/place/js/AutocompletionService.GetPredictions?1storonto&4sen&6m6&1m2&1d-90&2d-180&2m2&1d90&2d180&9sgeocode&9sestablishment&15e3&client=gme-airbnbinc&channel=monorail-prod&callback=_xdc_._5f4x94&token=69357	GET	text/javascript; charset=UTF-8	2537
0077	https://maps.googleapis.com/maps/api/place/js/PlaceService.GetPlaceDetails?2sen&8sChIJpTvG15DL1IkRd8S0KlBVNTI&10e3&client=gme-airbnbinc&channel=monorail-prod&callback=_xdc_._pykcfy&token=36678	GET	text/javascript; charset=UTF-8	6673
0078	https://maps.gstatic.com/mapfiles/api-3/images/autocomplete-icons.png	GET	image/png	3351
0079	https://maps.gstatic.com/mapfiles/api-3/images/powered-by-google-on-white3.png	GET	image/png	1616
0080	https://staticxx.facebook.com/connect/xd_arbiter/r/ao6eUeuGXQq.js?version=42	GET	text/html; charset=utf-8	13371
0081	https://www.airbnb.com/	GET	text/html; charset=utf-8	209937
0082	https://www.airbnb.com/api/v2/instant_promos?surface=sitewide_footer&_limit=1&page=p1&key=d306zoyjsyarp7ifhu67rjxn52tv0t20&currency=&locale=en	GET	application/json; charset=utf-8	35
0083	https://www.airbnb.com/api/v2/p1_sections?tab_id=all_tab&section_offset=0&instant_promo_override_id=-1&faq_experiment_treatment=trust_and_safety&_intents=p1&key=d306zoyjsyarp7ifhu67rjxn52tv0t20&currency=&locale=en	GET	application/json; charset=utf-8	56186
0084	https://www.airbnb.com/api/v2/p1_sections?tab_id=all_tab&section_offset=0&instant_promo_override_id=-1&faq_experiment_treatment=what_is_airbnb&_intents=p1&key=d306zoyjsyarp7ifhu67rjxn52tv0t20&currency=&locale=en	GET	application/json; charset=utf-8	56186
0085	https://www.airbnb.com/co-hosting/hire_a_host_button_data	GET	application/json; charset=utf-8	169
0086	https://www.airbnb.com/opensearch.xml	GET	application/xml	637
0087	https://www.airbnb.com/service-worker.js	GET	application/x-javascript	24304
0088	https://www.airbnb.com/tracking/events	POST	application/octet-stream	0
0089	https://www.airbnb.com/tracking/events	POST	application/octet-stream	0
0090	https://www.airbnb.com/tracking/events	POST	application/octet-stream	0
0091	https://www.airbnb.com/tracking/events	POST	application/octet-stream	0
0092	https://www.airbnb.com/tracking/events	POST	application/octet-stream	0
0093	https://www.airbnb.com/tracking/events	POST	application/octet-stream	0
0094	https://www.airbnb.com/tracking/events	POST	application/octet-stream	0
0095	https://www.airbnb.com/tracking/events	POST	application/octet-stream	0
0096	https://www.airbnb.com/tracking/events	POST	application/octet-stream	0
0097	https://www.airbnb.com/tracking/events	POST	application/octet-stream	0
0098	https://www.airbnb.com/tracking/events	POST	application/octet-stream	0
0099	https://www.airbnb.com/tracking/events	POST	application/octet-stream	0
0100	https://www.airbnb.com/tracking/events	POST	application/octet-stream	0
0101	https://www.airbnb.com/tracking/events	POST	application/octet-stream	0
0102	https://www.airbnb.com/tracking/events	POST	application/octet-stream	0
0103	https://www.airbnb.com/tracking/events	POST	application/octet-stream	0
0104	https://www.airbnb.com/tracking/events	POST	application/octet-stream	0
0105	https://www.airbnb.com/tracking/events	POST	application/octet-stream	0
0106	https://www.airbnb.com/tracking/events	POST	application/octet-stream	0
0107	https://www.airbnb.com/tracking/events	POST	application/octet-stream	0
0108	https://www.airbnb.com/tracking/events	POST	application/octet-stream	0
0109	https://www.airbnb.com/tracking/events	POST	application/octet-stream	0
0110	https://www.airbnb.com/tracking/events	POST	application/octet-stream	0
0111	https://www.airbnb.com/tracking/events	POST	application/octet-stream	0
0112	https://www.airbnb.com/tracking/events	POST	application/octet-stream	0
0113	https://www.airbnb.com/tracking/events	POST	application/octet-stream	0
0114	https://www.airbnb.com/tracking/events	POST	application/octet-stream	0
0115	https://www.airbnb.com/tracking/events	POST	application/octet-stream	0
0116	https://www.airbnb.com/tracking/events	POST	application/octet-stream	0
0117	https://www.airbnb.com/tracking/events	POST	application/octet-stream	0
0118	https://www.airbnb.com/tracking/events	POST	application/octet-stream	0
0119	https://www.airbnb.com/tracking/events	POST	application/octet-stream	0
0120	https://www.airbnb.com/tracking/events	POST	application/octet-stream	0
0121	https://www.airbnb.com/tracking/events	POST	application/octet-stream	0
0122	https://www.airbnb.com/tracking/events	POST	application/octet-stream	0
0123	https://www.airbnb.com/tracking/events	POST	application/octet-stream	0
0124	https://www.airbnb.com/tracking/events	POST	application/octet-stream	0
0125	https://www.airbnb.com/tracking/events	POST	application/octet-stream	0
0126	https://www.airbnb.com/tracking/events	POST	application/octet-stream	0
0127	https://www.airbnb.com/tracking/events	POST	application/octet-stream	0
0128	https://www.airbnb.com/tracking/events	POST	application/octet-stream	0
0129	https://www.airbnb.com/tracking/events	POST	application/octet-stream	0
0130	https://www.airbnb.com/tracking/events	POST	application/octet-stream	0
0131	https://www.airbnb.com/tracking/events	POST	application/octet-stream	0
0132	https://www.airbnb.com/tracking/events	POST	application/octet-stream	0
0133	https://www.airbnb.com/tracking/events	POST	application/octet-stream	0
0134	https://www.airbnb.com/tracking/events	POST	application/octet-stream	0
0135	https://www.airbnb.com/tracking/events	POST	application/octet-stream	0
0136	https://www.airbnb.com/tracking/events	POST	application/octet-stream	0
0137	https://www.airbnb.com/tracking/events	POST	application/octet-stream	0
0138	https://www.airbnb.com/tracking/events	POST	application/octet-stream	0
0139	https://www.airbnb.com/tracking/events	POST	application/octet-stream	0
0140	https://www.airbnb.com/tracking/events	POST	application/octet-stream	0
0141	https://www.airbnb.com/tracking/events	POST	application/octet-stream	0
0142	https://www.airbnb.com/tracking/events	POST	application/octet-stream	0
0143	https://www.airbnb.com/tracking/events	POST	application/octet-stream	0
0144	https://www.airbnb.com/tracking/events	POST	application/octet-stream	0
0145	https://www.airbnb.com/tracking/events	POST	application/octet-stream	0
0146	https://www.airbnb.com/tracking/events	POST	application/octet-stream	0
0147	https://www.airbnb.com/tracking/events	POST	application/octet-stream	0
0148	https://www.airbnb.com/tracking/events	POST	application/octet-stream	0
0149	https://www.airbnb.com/tracking/events	POST	application/octet-stream	0
0150	https://www.airbnb.com/tracking/events	POST	application/octet-stream	0
0151	https://www.airbnb.com/tracking/jitney/logging/messages	POST	application/octet-stream	0
0152	https://www.airbnb.com/tracking/jitney/logging/messages	POST	application/octet-stream	0
0153	https://www.airbnb.com/tracking/jitney/logging/messages	POST	application/octet-stream	0
0154	https://www.facebook.com/connect/ping?client_id=138566025676&domain=www.airbnb.com&origin=2&redirect_uri=https%3A%2F%2Fstaticxx.facebook.com%2Fconnect%2Fxd_arbiter%2Fr%2Fao6eUeuGXQq.js%3Fversion%3D42%23cb%3Df115e3afa4826d4%26domain%3Dwww.airbnb.com%26origin%3Dhttps%253A%252F%252Fwww.airbnb.com%252Ff3ea1221e04a634%26relation%3Dparent&response_type=token%2Csigned_request%2Ccode&sdk=joey	GET	text/html	155
0155	https://www.facebook.com/connect/ping?client_id=138566025676&domain=www.airbnb.com&origin=2&redirect_uri=https%3A%2F%2Fstaticxx.facebook.com%2Fconnect%2Fxd_arbiter%2Fr%2Fao6eUeuGXQq.js%3Fversion%3D42%23cb%3Df2c8b5459610f3c%26domain%3Dwww.airbnb.com%26origin%3Dhttps%253A%252F%252Fwww.airbnb.com%252Ff3d8e3bf313c4ac%26relation%3Dparent&response_type=token%2Csigned_request%2Ccode&sdk=joey	GET	text/html	155
0156	https://www.google.com/_/chrome/newtab/manifest?espv=2&ie=UTF-8	GET	text/cache-manifest; charset=UTF-8	321
0157	https://www.google.com/_/chrome/newtab?espv=2&ie=UTF-8	GET	text/html; charset=UTF-8	42068
0158	https://www.google.com/favicon.ico	GET	image/x-icon	5430
0159	https://www.google.com/images/branding/googlelogo/2x/googlelogo_color_272x92dp.png	GET	image/png	13504
0160	https://www.google.com/xjs/_/js/k=xjs.ntp.en_US.Ow4JBL94Dlk.O/m=jsa,ntp,d,csi/am=Gg/rt=j/d=1/t=zcms/rs=ACT90oEVhiZRYFsCjaYX3eVyMTYF6Dg1OA	GET	text/javascript; charset=UTF-8	170501
