0000	http://itunes.apple.com/us/app/united-airlines/id449945214?mt=8	GET	text/html; charset=UTF-8	0
0001	http://r11---sn-nx57yn7y.gvt1.com/edgedl/release2/2rdde8ku23d5h3im2u2m3oqevgr9im1pzcf9us5j4mqyss8nw7j94m6ywah3v8xbnphrdryspxri9tj00ibe45odjx5leglsw4l/305_all_sthset.crx?cms_redirect=yes&expire=1487129603&ip=50.112.216.148&ipbits=0&mm=28&mn=sn-nx57yn7y&ms=nvh&mt=1487115185&mv=u&pl=21&shardbypass=yes&sparams=expire,ip,ipbits,mm,mn,ms,mv,pl,shardbypass&signature=2E84AF406B9BD134F315705F4CA3FFAAB37B385F.0DE1D0EFF866DF72A3F2F4CB451628811651FC52&key=cms1	GET	application/octet-stream	8536
0002	http://r17---sn-nx57yn7z.gvt1.com/edgedl/release2/emh61y0oo97qda7u1zli4yjqg02ne9itvhpj1gwr8t3z2khxsa5n0s7ec2jqoruwi6k323zs9rrspz8rkp9knxodt8diww7tv6r/8_linux_fileTypePolicies.crx?cms_redirect=yes&expire=1487129600&ip=50.112.216.148&ipbits=0&mm=28&mn=sn-nx57yn7z&ms=nvh&mt=1487115185&mv=u&pl=21&shardbypass=yes&sparams=expire,ip,ipbits,mm,mn,ms,mv,pl,shardbypass&signature=7F08E19BA92C062BBED3F61E00A0CFB7553DA264.66B54815A0D7C1AC5FE64F25CCF567B34045F5A5&key=cms1	GET	application/octet-stream	2632
0003	http://r5---sn-nx5e6n7d.gvt1.com/edgedl/release2/42h2b1p053hwdbk2kzjhisgdky9pl2c3crzmk7fc6k4szmb3pf1jaosdli9pfdoah8xfbdyz8nhsr2ildxs9wx5dwltlwlv6qt7/24.0.0.221_linux_PepperFlashPlayer.crx?cms_redirect=yes&expire=1487129601&ip=50.112.216.148&ipbits=0&mm=28&mn=sn-nx5e6n7d&ms=nvh&mt=1487115185&mv=u&pl=21&shardbypass=yes&sparams=expire,ip,ipbits,mm,mn,ms,mv,pl,shardbypass&signature=591A56A1A1CB0D0B0B1F79F4B0F0214DFF9A3F.34BC6EEFB090F8FE12CB98530657F749B1BC4D7F&key=cms1	GET	application/octet-stream	6924142
0004	http://r6---sn-nx57yne7.gvt1.com/crx/blobs/QwAAAHF3InbmK-wFIemaY3I3BCMFmcli-ojPxrss8OnaeWj-aM94KnUfZllIB6iNgvIzbiyOQEq29-MqzDnS_lFrvqud57a69nl2Pj1Qy2siwmJ-AMZSmuXBvTcInJAMMfStC_pNirYxGyjQGw/extension_0_57_44_2492.crx?cms_redirect=yes&expire=1487129598&ip=50.112.216.148&ipbits=0&mm=31&mn=sn-nx57yne7&ms=au&mt=1487115140&mv=m&pl=21&sparams=expire,ip,ipbits,mm,mn,ms,mv,pl&signature=71734699A244E99A1BBEA6A5F0B04B319449E02E.16784D9B28808445EFD3374F3D62E36397D8C81D&key=cms1	GET	application/x-chrome-extension	6760124
0005	http://redirector.gvt1.com/crx/blobs/QwAAAHF3InbmK-wFIemaY3I3BCMFmcli-ojPxrss8OnaeWj-aM94KnUfZllIB6iNgvIzbiyOQEq29-MqzDnS_lFrvqud57a69nl2Pj1Qy2siwmJ-AMZSmuXBvTcInJAMMfStC_pNirYxGyjQGw/extension_0_57_44_2492.crx	GET	text/html; charset=UTF-8	716
0006	http://redirector.gvt1.com/edgedl/release2/2rdde8ku23d5h3im2u2m3oqevgr9im1pzcf9us5j4mqyss8nw7j94m6ywah3v8xbnphrdryspxri9tj00ibe45odjx5leglsw4l/305_all_sthset.crx	GET	text/html; charset=UTF-8	701
0007	http://redirector.gvt1.com/edgedl/release2/42h2b1p053hwdbk2kzjhisgdky9pl2c3crzmk7fc6k4szmb3pf1jaosdli9pfdoah8xfbdyz8nhsr2ildxs9wx5dwltlwlv6qt7/24.0.0.221_linux_PepperFlashPlayer.crx	GET	text/html; charset=UTF-8	718
0008	http://redirector.gvt1.com/edgedl/release2/emh61y0oo97qda7u1zli4yjqg02ne9itvhpj1gwr8t3z2khxsa5n0s7ec2jqoruwi6k323zs9rrspz8rkp9knxodt8diww7tv6r/8_linux_fileTypePolicies.crx	GET	text/html; charset=UTF-8	711
0009	http://www.gstatic.com/chrome/crlset/3553/crl-set-1669508608103370807.crx.data	GET	text/html	157031
0010	http://www.gstatic.com/chrome/crlset/3554/crl-set-delta-3553-7692754099659198622.crx.data	GET	text/html	1890
0011	https://clients2.google.com/service/update2	POST	text/xml; charset=UTF-8	247
0012	https://clients2.google.com/service/update2	POST	text/xml; charset=UTF-8	247
0013	https://clients2.google.com/service/update2	POST	text/xml; charset=UTF-8	247
0014	https://clients2.google.com/service/update2	POST	text/xml; charset=UTF-8	247
0015	https://clients2.google.com/service/update2	POST	text/xml; charset=UTF-8	247
0016	https://clients2.google.com/service/update2	POST	text/xml; charset=UTF-8	247
0017	https://clients2.google.com/service/update2	POST	text/xml; charset=UTF-8	247
0018	https://clients2.google.com/service/update2?cup2key=6:1778967697&cup2hreq=cbbcf73756ef1e4044efc7439875a08cad39539b271d3bd205e4e7beb388627c	POST	text/xml; charset=UTF-8	1298
0019	https://clients2.google.com/service/update2?cup2key=6:1941387363&cup2hreq=d7b171c5b6d8772f4be102a579ca04402ab415e1648fb63868932e07e3e39efe	POST	text/xml; charset=UTF-8	7460
0020	https://clients2.google.com/service/update2?cup2key=6:2581095454&cup2hreq=9b97834b3f8caaec05fc20109ee1a469fbcd7033eda2cbaecb88c0c1c8b9335a	POST	text/xml; charset=UTF-8	1298
0021	https://clients2.google.com/service/update2?cup2key=6:2978193174&cup2hreq=99afe2fd60c524df68de21f404435e39ae163a160a1d4fa0684f74ce538d7c0a	POST	text/xml; charset=UTF-8	1917
0022	https://clients2.googleusercontent.com/crx/blobs/QgAAAC6zw0qH2DJtnXe8Z7rUJP35Av6_uD2R0shIWqC2XwPmpwrDdH5TKyq_6MWRGfvCXV3f-8g220oUjAO-JvMYG2m5CSvsx6cHch05zQS7ZbtrAMZSmuWMzK-Yj7NpgCxtqGhyTFveAvi-IQ/extension_7.crx	GET	application/x-chrome-extension	676670
0023	https://mobile.united.com/	GET	text/html; charset=utf-8	11512
0024	https://mobile.united.com/AirportSearch/QuickSearch?term=AUS	GET	application/json; charset=utf-8	277
0025	https://mobile.united.com/AirportSearch/QuickSearch?term=Aus	GET	application/json; charset=utf-8	277
0026	https://mobile.united.com/AirportSearch/QuickSearch?term=assut	GET	application/json; charset=utf-8	2
0027	https://mobile.united.com/AirportSearch/QuickSearch?term=aus	GET	application/json; charset=utf-8	277
0028	https://mobile.united.com/AirportSearch/QuickSearch?term=austin	GET	application/json; charset=utf-8	44
0029	https://mobile.united.com/AirportSearch/QuickSearch?term=bos	GET	application/json; charset=utf-8	44
0030	https://mobile.united.com/AirportSearch/QuickSearch?term=boston	GET	application/json; charset=utf-8	44
0031	https://mobile.united.com/AirportSearch/QuickSearch?term=boston+po	GET	application/json; charset=utf-8	2
0032	https://mobile.united.com/AirportSearch/QuickSearch?term=dal	GET	application/json; charset=utf-8	300
0033	https://mobile.united.com/AirportSearch/QuickSearch?term=dall	GET	application/json; charset=utf-8	111
0034	https://mobile.united.com/AirportSearch/QuickSearch?term=dalla	GET	application/json; charset=utf-8	111
0035	https://mobile.united.com/AirportSearch/QuickSearch?term=dallas	GET	application/json; charset=utf-8	111
0036	https://mobile.united.com/AirportSearch/QuickSearch?term=dallas+austin	GET	application/json; charset=utf-8	2
0037	https://mobile.united.com/AirportSearch/QuickSearch?term=dallasin	GET	application/json; charset=utf-8	2
0038	https://mobile.united.com/AirportSearch/QuickSearch?term=den	GET	application/json; charset=utf-8	507
0039	https://mobile.united.com/AirportSearch/QuickSearch?term=denver	GET	application/json; charset=utf-8	44
0040	https://mobile.united.com/AirportSearch/QuickSearch?term=dfw	GET	application/json; charset=utf-8	111
0041	https://mobile.united.com/AirportSearch/QuickSearch?term=ew+York%2C+NY+(JFK)	GET	application/json; charset=utf-8	46
0042	https://mobile.united.com/AirportSearch/QuickSearch?term=las	GET	application/json; charset=utf-8	340
0043	https://mobile.united.com/AirportSearch/QuickSearch?term=las+	GET	application/json; charset=utf-8	340
0044	https://mobile.united.com/AirportSearch/QuickSearch?term=las+an	GET	application/json; charset=utf-8	2
0045	https://mobile.united.com/AirportSearch/QuickSearch?term=las+b	GET	application/json; charset=utf-8	2
0046	https://mobile.united.com/AirportSearch/QuickSearch?term=las+v	GET	application/json; charset=utf-8	47
0047	https://mobile.united.com/AirportSearch/QuickSearch?term=las+va	GET	application/json; charset=utf-8	2
0048	https://mobile.united.com/AirportSearch/QuickSearch?term=las+ve	GET	application/json; charset=utf-8	47
0049	https://mobile.united.com/AirportSearch/QuickSearch?term=las+veg	GET	application/json; charset=utf-8	47
0050	https://mobile.united.com/AirportSearch/QuickSearch?term=las+vegas	GET	application/json; charset=utf-8	47
0051	https://mobile.united.com/AirportSearch/QuickSearch?term=lax	GET	application/json; charset=utf-8	49
0052	https://mobile.united.com/AirportSearch/QuickSearch?term=los	GET	application/json; charset=utf-8	142
0053	https://mobile.united.com/AirportSearch/QuickSearch?term=los+a	GET	application/json; charset=utf-8	49
0054	https://mobile.united.com/AirportSearch/QuickSearch?term=los+an	GET	application/json; charset=utf-8	49
0055	https://mobile.united.com/AirportSearch/QuickSearch?term=los+ang	GET	application/json; charset=utf-8	49
0056	https://mobile.united.com/AirportSearch/QuickSearch?term=los+ange	GET	application/json; charset=utf-8	49
0057	https://mobile.united.com/AirportSearch/QuickSearch?term=los+angel	GET	application/json; charset=utf-8	49
0058	https://mobile.united.com/AirportSearch/QuickSearch?term=los+angele	GET	application/json; charset=utf-8	49
0059	https://mobile.united.com/AirportSearch/QuickSearch?term=los+angeles	GET	application/json; charset=utf-8	49
0060	https://mobile.united.com/AirportSearch/QuickSearch?term=los+vagas	GET	application/json; charset=utf-8	2
0061	https://mobile.united.com/AirportSearch/QuickSearch?term=los+vages	GET	application/json; charset=utf-8	2
0062	https://mobile.united.com/AirportSearch/QuickSearch?term=los+vegas	GET	application/json; charset=utf-8	2
0063	https://mobile.united.com/AirportSearch/QuickSearch?term=new	GET	application/json; charset=utf-8	526
0064	https://mobile.united.com/AirportSearch/QuickSearch?term=new+	GET	application/json; charset=utf-8	526
0065	https://mobile.united.com/AirportSearch/QuickSearch?term=new+yo	GET	application/json; charset=utf-8	336
0066	https://mobile.united.com/AirportSearch/QuickSearch?term=new+yor	GET	application/json; charset=utf-8	336
0067	https://mobile.united.com/AirportSearch/QuickSearch?term=new+york	GET	application/json; charset=utf-8	336
0068	https://mobile.united.com/AirportSearch/QuickSearch?term=new+york+	GET	application/json; charset=utf-8	336
0069	https://mobile.united.com/AirportSearch/QuickSearch?term=new+york+dallas	GET	application/json; charset=utf-8	2
0070	https://mobile.united.com/AirportSearch/QuickSearch?term=new+york+las+vegas	GET	application/json; charset=utf-8	2
0071	https://mobile.united.com/AirportSearch/QuickSearch?term=new+yorkq	GET	application/json; charset=utf-8	2
0072	https://mobile.united.com/AirportSearch/QuickSearch?term=nyc	GET	application/json; charset=utf-8	279
0073	https://mobile.united.com/AirportSearch/QuickSearch?term=pdx	GET	application/json; charset=utf-8	46
0074	https://mobile.united.com/AirportSearch/QuickSearch?term=por	GET	application/json; charset=utf-8	507
0075	https://mobile.united.com/AirportSearch/QuickSearch?term=port	GET	application/json; charset=utf-8	511
0076	https://mobile.united.com/AirportSearch/QuickSearch?term=portl	GET	application/json; charset=utf-8	91
0077	https://mobile.united.com/AirportSearch/QuickSearch?term=portla	GET	application/json; charset=utf-8	91
0078	https://mobile.united.com/AirportSearch/QuickSearch?term=portlan	GET	application/json; charset=utf-8	91
0079	https://mobile.united.com/AirportSearch/QuickSearch?term=portland	GET	application/json; charset=utf-8	91
0080	https://mobile.united.com/AirportSearch/QuickSearch?term=portlans	GET	application/json; charset=utf-8	2
0081	https://mobile.united.com/AirportSearch/QuickSearch?term=san	GET	application/json; charset=utf-8	502
0082	https://mobile.united.com/AirportSearch/QuickSearch?term=san+	GET	application/json; charset=utf-8	502
0083	https://mobile.united.com/AirportSearch/QuickSearch?term=san+d	GET	application/json; charset=utf-8	47
0084	https://mobile.united.com/AirportSearch/QuickSearch?term=san+die	GET	application/json; charset=utf-8	47
0085	https://mobile.united.com/AirportSearch/QuickSearch?term=san+dieg	GET	application/json; charset=utf-8	47
0086	https://mobile.united.com/AirportSearch/QuickSearch?term=san+diego	GET	application/json; charset=utf-8	47
0087	https://mobile.united.com/AirportSearch/QuickSearch?term=san+f	GET	application/json; charset=utf-8	51
0088	https://mobile.united.com/AirportSearch/QuickSearch?term=san+fr	GET	application/json; charset=utf-8	51
0089	https://mobile.united.com/AirportSearch/QuickSearch?term=san+fra	GET	application/json; charset=utf-8	51
0090	https://mobile.united.com/AirportSearch/QuickSearch?term=san+fran	GET	application/json; charset=utf-8	51
0091	https://mobile.united.com/AirportSearch/QuickSearch?term=san+franci	GET	application/json; charset=utf-8	51
0092	https://mobile.united.com/AirportSearch/QuickSearch?term=san+francis	GET	application/json; charset=utf-8	51
0093	https://mobile.united.com/AirportSearch/QuickSearch?term=san+francisc	GET	application/json; charset=utf-8	51
0094	https://mobile.united.com/AirportSearch/QuickSearch?term=san+francisco	GET	application/json; charset=utf-8	51
0095	https://mobile.united.com/AirportSearch/QuickSearch?term=was	GET	application/json; charset=utf-8	223
0096	https://mobile.united.com/AirportSearch/QuickSearch?term=wash	GET	application/json; charset=utf-8	177
0097	https://mobile.united.com/AirportSearch/QuickSearch?term=washi	GET	application/json; charset=utf-8	177
0098	https://mobile.united.com/AirportSearch/QuickSearch?term=washin	GET	application/json; charset=utf-8	177
0099	https://mobile.united.com/AirportSearch/QuickSearch?term=washing	GET	application/json; charset=utf-8	177
0100	https://mobile.united.com/AirportSearch/QuickSearch?term=washingt	GET	application/json; charset=utf-8	177
0101	https://mobile.united.com/AirportSearch/QuickSearch?term=washington	GET	application/json; charset=utf-8	177
0102	https://mobile.united.com/AirportSearch/QuickSearch?term=washington+dc	GET	application/json; charset=utf-8	2
0103	https://mobile.united.com/Booking	POST	text/html; charset=utf-8	13338
0104	https://mobile.united.com/Booking	POST	text/html; charset=utf-8	13332
0105	https://mobile.united.com/Booking	POST	text/html; charset=utf-8	13329
0106	https://mobile.united.com/Booking	POST	text/html; charset=utf-8	13324
0107	https://mobile.united.com/Booking	POST	text/html; charset=utf-8	13323
0108	https://mobile.united.com/Booking	POST	text/html; charset=utf-8	13325
0109	https://mobile.united.com/Booking	POST	text/html; charset=utf-8	13332
0110	https://mobile.united.com/Booking	POST	text/html; charset=utf-8	13342
0111	https://mobile.united.com/Booking	POST	text/html; charset=utf-8	13336
0112	https://mobile.united.com/Booking	POST	text/html; charset=utf-8	13332
0113	https://mobile.united.com/Booking	POST	text/html; charset=utf-8	13340
0114	https://mobile.united.com/Booking	POST	text/html; charset=utf-8	13328
0115	https://mobile.united.com/Booking	POST	text/html; charset=utf-8	13330
0116	https://mobile.united.com/Booking	POST	text/html; charset=utf-8	13329
0117	https://mobile.united.com/Booking	POST	text/html; charset=utf-8	13335
0118	https://mobile.united.com/Booking	POST	text/html; charset=utf-8	13348
0119	https://mobile.united.com/Booking	POST	text/html; charset=utf-8	13349
0120	https://mobile.united.com/Booking	POST	text/html; charset=utf-8	13335
0121	https://mobile.united.com/Booking	POST	text/html; charset=utf-8	13334
0122	https://mobile.united.com/Booking	POST	text/html; charset=utf-8	13332
0123	https://mobile.united.com/Booking	POST	text/html; charset=utf-8	13333
0124	https://mobile.united.com/Booking	POST	text/html; charset=utf-8	13346
0125	https://mobile.united.com/Booking	POST	text/html; charset=utf-8	13319
0126	https://mobile.united.com/Booking	POST	text/html; charset=utf-8	13336
0127	https://mobile.united.com/Booking	POST	text/html; charset=utf-8	13344
0128	https://mobile.united.com/Booking	POST	text/html; charset=utf-8	13325
0129	https://mobile.united.com/Booking	POST	text/html; charset=utf-8	13322
0130	https://mobile.united.com/Booking	POST	text/html; charset=utf-8	13345
0131	https://mobile.united.com/Booking	POST	text/html; charset=utf-8	13340
0132	https://mobile.united.com/Booking	POST	text/html; charset=utf-8	13365
0133	https://mobile.united.com/Booking	POST	text/html; charset=utf-8	13336
0134	https://mobile.united.com/Booking	POST	text/html; charset=utf-8	13322
0135	https://mobile.united.com/Booking	POST	text/html; charset=utf-8	13336
0136	https://mobile.united.com/Booking	POST	text/html; charset=utf-8	13325
0137	https://mobile.united.com/Booking	POST	text/html; charset=utf-8	13338
0138	https://mobile.united.com/Booking	POST	text/html; charset=utf-8	13337
0139	https://mobile.united.com/Booking	POST	text/html; charset=utf-8	13333
0140	https://mobile.united.com/Booking	POST	text/html; charset=utf-8	13340
0141	https://mobile.united.com/Booking	POST	text/html; charset=utf-8	13348
0142	https://mobile.united.com/Booking	POST	text/html; charset=utf-8	13228
0143	https://mobile.united.com/Booking	POST	text/html; charset=utf-8	13346
0144	https://mobile.united.com/Booking	POST	text/html; charset=utf-8	13346
0145	https://mobile.united.com/Booking	POST	text/html; charset=utf-8	13319
0146	https://mobile.united.com/Booking	POST	text/html; charset=utf-8	13335
0147	https://mobile.united.com/Booking	POST	text/html; charset=utf-8	13322
0148	https://mobile.united.com/Booking	POST	text/html; charset=utf-8	13338
0149	https://mobile.united.com/Booking	POST	text/html; charset=utf-8	13324
0150	https://mobile.united.com/Booking	POST	text/html; charset=utf-8	13339
0151	https://mobile.united.com/Booking	POST	text/html; charset=utf-8	13347
0152	https://mobile.united.com/Booking	POST	text/html; charset=utf-8	13327
0153	https://mobile.united.com/Booking	POST	text/html; charset=utf-8	13341
0154	https://mobile.united.com/Booking	POST	text/html; charset=utf-8	13346
0155	https://mobile.united.com/Booking	POST	text/html; charset=utf-8	13325
0156	https://mobile.united.com/Booking	POST	text/html; charset=utf-8	13338
0157	https://mobile.united.com/Booking	POST	text/html; charset=utf-8	13345
0158	https://mobile.united.com/Booking	POST	text/html; charset=utf-8	13352
0159	https://mobile.united.com/Booking	POST	text/html; charset=utf-8	13339
0160	https://mobile.united.com/Booking	POST	text/html; charset=utf-8	13336
0161	https://mobile.united.com/Booking	POST	text/html; charset=utf-8	13338
0162	https://mobile.united.com/Booking	POST	text/html; charset=utf-8	13340
0163	https://mobile.united.com/Booking	POST	text/html; charset=utf-8	13355
0164	https://mobile.united.com/Booking	POST	text/html; charset=utf-8	13351
0165	https://mobile.united.com/Booking	POST	text/html; charset=utf-8	13333
0166	https://mobile.united.com/Booking	POST	text/html; charset=utf-8	13373
0167	https://mobile.united.com/Booking	POST	text/html; charset=utf-8	13333
0168	https://mobile.united.com/Booking	POST	text/html; charset=utf-8	13350
0169	https://mobile.united.com/Booking	POST	text/html; charset=utf-8	13334
0170	https://mobile.united.com/Booking	POST	text/html; charset=utf-8	13318
0171	https://mobile.united.com/Booking	POST	text/html; charset=utf-8	13333
0172	https://mobile.united.com/Booking	POST	text/html; charset=utf-8	13344
0173	https://mobile.united.com/Booking	POST	text/html; charset=utf-8	13321
0174	https://mobile.united.com/Booking	POST	text/html; charset=utf-8	13319
0175	https://mobile.united.com/Booking	POST	text/html; charset=utf-8	13325
0176	https://mobile.united.com/Booking	POST	text/html; charset=utf-8	13324
0177	https://mobile.united.com/Booking	POST	text/html; charset=utf-8	13351
0178	https://mobile.united.com/Booking	POST	text/html; charset=utf-8	13324
0179	https://mobile.united.com/Booking	POST	text/html; charset=utf-8	13336
0180	https://mobile.united.com/Booking	POST	text/html; charset=utf-8	13339
0181	https://mobile.united.com/Booking	POST	text/html; charset=utf-8	13333
0182	https://mobile.united.com/Booking	POST	text/html; charset=utf-8	13325
0183	https://mobile.united.com/Booking	POST	text/html; charset=utf-8	13329
0184	https://mobile.united.com/Booking	POST	text/html; charset=utf-8	13338
0185	https://mobile.united.com/Booking	POST	text/html; charset=utf-8	13335
0186	https://mobile.united.com/Booking	POST	text/html; charset=utf-8	13333
0187	https://mobile.united.com/Booking	POST	text/html; charset=utf-8	13333
0188	https://mobile.united.com/Booking	POST	text/html; charset=utf-8	13336
0189	https://mobile.united.com/Booking	POST	text/html; charset=utf-8	13355
0190	https://mobile.united.com/Booking	POST	text/html; charset=utf-8	13324
0191	https://mobile.united.com/Booking	POST	text/html; charset=utf-8	13332
0192	https://mobile.united.com/Booking	POST	text/html; charset=utf-8	13333
0193	https://mobile.united.com/Booking	POST	text/html; charset=utf-8	13319
0194	https://mobile.united.com/Booking	POST	text/html; charset=utf-8	13323
0195	https://mobile.united.com/Booking	POST	text/html; charset=utf-8	13326
0196	https://mobile.united.com/Booking	POST	text/html; charset=utf-8	13325
0197	https://mobile.united.com/Booking	POST	text/html; charset=utf-8	13336
0198	https://mobile.united.com/Booking	POST	text/html; charset=utf-8	13333
0199	https://mobile.united.com/Booking	POST	text/html; charset=utf-8	13342
0200	https://mobile.united.com/Booking	POST	text/html; charset=utf-8	13346
0201	https://mobile.united.com/Booking	POST	text/html; charset=utf-8	13319
0202	https://mobile.united.com/Booking	POST	text/html; charset=utf-8	13355
0203	https://mobile.united.com/Booking	POST	text/html; charset=utf-8	13321
0204	https://mobile.united.com/Booking	POST	text/html; charset=utf-8	13355
0205	https://mobile.united.com/Booking	POST	text/html; charset=utf-8	13329
0206	https://mobile.united.com/Booking	POST	text/html; charset=utf-8	13329
0207	https://mobile.united.com/Booking	POST	text/html; charset=utf-8	13322
0208	https://mobile.united.com/Booking	POST	text/html; charset=utf-8	13342
0209	https://mobile.united.com/Booking	POST	text/html; charset=utf-8	13329
0210	https://mobile.united.com/Booking	POST	text/html; charset=utf-8	13352
0211	https://mobile.united.com/Booking	POST	text/html; charset=utf-8	13339
0212	https://mobile.united.com/Booking	POST	text/html; charset=utf-8	13333
0213	https://mobile.united.com/Booking/MultipleDestinationsSearch	GET	text/html; charset=utf-8	24223
0214	https://mobile.united.com/Booking/OneWaySearch?GUID=1a6d1705-52a3-4741-9c05-e658d147b9ab	GET	text/html; charset=utf-8	12311
0215	https://mobile.united.com/Booking?GUID=627b1133-9eaa-4029-b273-bcb1bdc857b5	GET	text/html; charset=utf-8	13189
0216	https://mobile.united.com/Booking?GUID=8e2f30bf-45d6-45e5-8863-9aaa573fab29	GET	text/html; charset=utf-8	13182
0217	https://mobile.united.com/Booking?GUID=93c5f14a-a4c1-4102-bafe-9996a62d9463	GET	text/html; charset=utf-8	13189
0218	https://mobile.united.com/Booking?GUID=c96b0a62-3556-4920-93fd-d6ab52f64106	GET	text/html; charset=utf-8	13189
0219	https://mobile.united.com/Booking?GUID=cd79e9cf-2bc5-496c-9f59-3491a828239e/	GET	text/html; charset=utf-8	13186
0220	https://mobile.united.com/Content/Images/17x17_plane.png	GET	image/png	358
0221	https://mobile.united.com/Content/Images/UA_Logo_27x155.png	GET	image/png	1390
0222	https://mobile.united.com/Content/Images/bookaflight.png	GET	image/png	12351
0223	https://mobile.united.com/Content/Images/iPhone_262x87.png	GET	image/png	18830
0224	https://mobile.united.com/Content/Images/logo_staralliance_retina.png	GET	image/png	3331
0225	https://mobile.united.com/combres.axd/site-css/20131123/	GET	text/css	125359
0226	https://mobile.united.com/combres.axd/site-js/20131123/	GET	application/x-javascript	573231
0227	https://mobile.united.com/content/Images/ajax-loader_ua.gif	GET	image/gif	6494
0228	https://mobile.united.com/content/images/icons-18-white.png	GET	image/png	2200
0229	https://mobile.united.com/content/themes/start/images/ui-bg_glass_45_003399_1x400.png	GET	image/png	137
0230	https://mobile.united.com/content/themes/start/images/ui-bg_glass_55_f8da4e_1x400.png	GET	image/png	168
0231	https://mobile.united.com/content/themes/start/images/ui-bg_glass_75_dddddd_1x400.png	GET	image/png	109
0232	https://mobile.united.com/content/themes/start/images/ui-bg_gloss-wave_50_ffffff_500x100.png	GET	image/png	489
0233	https://mobile.united.com/content/themes/start/images/ui-bg_gloss-wave_75_003399_500x100.png	GET	image/png	3843
0234	https://mobile.united.com/content/themes/start/images/ui-bg_inset-hard_100_fcfdfd_1x100.png	GET	image/png	112
0235	https://mobile.united.com/content/themes/start/images/ui-icons_056b93_256x240.png	GET	image/png	4369
0236	https://mobile.united.com/content/themes/start/images/ui-icons_d8e7f3_256x240.png	GET	image/png	4369
0237	https://mobile.united.com/favicon.ico	GET	image/x-icon	5430
0238	https://nexus.ensighten.com/united/Bootstrap.js	GET	text/html	155
0239	https://r1---sn-nx57yne7.gvt1.com/edgedl/chrome/dict/en-us-7-1.bdic?cms_redirect=yes&expire=1487129285&ip=50.112.216.148&ipbits=0&mm=28&mn=sn-nx57yne7&ms=nvh&mt=1487114738&mv=u&pl=21&shardbypass=yes&sparams=expire,ip,ipbits,mm,mn,ms,mv,pl,shardbypass&signature=01E9FE803AF156D7F18ECEF6DA0366C5492B86A6.3DA20B06D84FF29677C1F997046BC0C2077E67D8&key=cms1	GET	application/octet-stream	446149
0240	https://redirector.gvt1.com/edgedl/chrome/dict/en-us-7-1.bdic	GET	text/html; charset=UTF-8	600
0241	https://www.google.com/_/chrome/newtab?espv=2&ie=UTF-8	GET	text/html; charset=UTF-8	42117
0242	https://www.google.com/favicon.ico	GET	image/x-icon	5430
0243	https://www.google.com/images/branding/googlelogo/2x/googlelogo_color_272x92dp.png	GET	image/png	13504
0244	https://www.google.com/xjs/_/js/k=xjs.ntp.en_US.jbDpzVZQrgw.O/m=jsa,ntp,d,csi/am=Gg/rt=j/d=1/t=zcms/rs=ACT90oF05ga3aevv1AhnIZ97NR90Rjti3Q	GET	text/javascript; charset=UTF-8	170530
