0000	http://ajax.googleapis.com/ajax/libs/jquery/1.10.2/jquery.min.js	GET	text/javascript; charset=UTF-8	93100
0001	http://ajax.googleapis.com/ajax/libs/jquery/1.7.1/jquery.min.js	GET	text/javascript; charset=UTF-8	93868
0002	http://ajax.googleapis.com/ajax/libs/jqueryui/1.10.3/jquery-ui.min.js	GET	text/javascript; charset=UTF-8	228077
0003	http://assets.adobedtm.com/5ce0e8d4e57734c83c688bd95eac50b94bf513d6/dil-contents-505bb93ca7b43f7b92a1abc257257a78e9150262.js	GET	application/x-javascript	29534
0004	http://assets.adobedtm.com/5ce0e8d4e57734c83c688bd95eac50b94bf513d6/s-code-contents-c84e24825a00ff5ed3a4e2680873c6bcd4b1befc.js	GET	application/x-javascript	26659
0005	http://assets.adobedtm.com/5ce0e8d4e57734c83c688bd95eac50b94bf513d6/satelliteLib-5d832e63f1670420f001e63ae8ad2dd5ef410d0b.js	GET	application/x-javascript	92353
0006	http://assets.adobedtm.com/5ce0e8d4e57734c83c688bd95eac50b94bf513d6/scripts/satellite-5771636764746d2a900021d0.js	GET	application/x-javascript	468
0007	http://assets.adobedtm.com/5ce0e8d4e57734c83c688bd95eac50b94bf513d6/scripts/satellite-57cea78a64746d78b5009feb.js	GET	application/x-javascript	598
0008	http://assets.adobedtm.com/5ce0e8d4e57734c83c688bd95eac50b94bf513d6/scripts/satellite-57e537b664746d0608008820.js	GET	application/x-javascript	1587
0009	http://assets.adobedtm.com/5ce0e8d4e57734c83c688bd95eac50b94bf513d6/scripts/satellite-57e537b664746d0608008821.js	GET	application/x-javascript	2905
0010	http://assets.boattrader.com/css/main_inc-release.css?v322	GET	text/css	124599
0011	http://assets.boattrader.com/img/carousel/preloader.gif	GET	image/gif	9084
0012	http://assets.boattrader.com/img/icons/icon-search.png	GET	image/png	1261
0013	http://assets.boattrader.com/img/icons/plus-minus.png	GET	image/png	987
0014	http://assets.boattrader.com/img/icons/select-chevron.png	GET	image/png	202
0015	http://assets.boattrader.com/img/img-gradient.png	GET	image/png	210
0016	http://assets.boattrader.com/img/mytrader-black.svg	GET	image/svg+xml	7017
0017	http://assets.boattrader.com/js/boattrader.min.js?v322	GET	text/javascript	121569
0018	http://assets.boattrader.com/js/dmm/ads.min.js?v322	GET	text/javascript	3700
0019	http://assets.boattrader.com/js/dmm/geo.min.js?v322	GET	text/javascript	5433
0020	http://cdn.boattrader.com/img/tol-design/btol/bt-inc-release/boattrader-logo.png	GET	image/png	1464
0021	http://cdn.boattrader.com/img/tol-design/btol/bt-inc-release/boattrader-logo_grey.png	GET	image/png	3786
0022	http://cdn.boattrader.com/img/tol-design/btol/bt-inc-release/enhance-notice.png	GET	image/png	15100
0023	http://cdn.boattrader.com/img/tol-design/btol/bt-inc-release/mytrader.png	GET	image/png	2499
0024	http://cdnjs.cloudflare.com/ajax/libs/require.js/2.1.10/require.min.js	GET	application/javascript; charset=utf-8	15209
0025	http://images0.boattrader.com/resize/1/11/69/5081169_20160723114056023_1_LARGE.jpg?w=480&h=350&t=1231112	GET	image/jpeg	49280
0026	http://images0.boattrader.com/resize/1/2/15/6040215_0_061220162332_0.jpg?w=480&h=350&t=1237665	GET	image/jpeg	43115
0027	http://images0.boattrader.com/resize/1/33/6/4913306_20150114103930923_1_LARGE.jpg?w=480&h=350&t=1236930	GET	image/jpeg	22180
0028	http://images0.boattrader.com/resize/1/45/49/6064549_0_090120171624_0.JPG?w=480&h=350&t=1236929	GET	image/jpeg	27293
0029	http://images0.boattrader.com/resize/1/49/5/6064905_0_090120172054_0.JPG?w=480&h=350&t=1239389	GET	image/jpeg	30185
0030	http://images0.boattrader.com/resize/1/54/16/6055416_0_311219691600_1.jpg?w=480&h=350&t=1237689	GET	image/jpeg	25157
0031	http://images0.boattrader.com/resize/1/58/7/6055807_0_271220162015_0.JPG?w=480&h=350&t=1236931	GET	image/jpeg	31862
0032	http://images0.boattrader.com/resize/1/72/89/5827289_20160603133244635_1_LARGE.jpg?w=480&h=350&t=1236929	GET	image/jpeg	39526
0033	http://images0.boattrader.com/resize/1/84/95/6098495_0_150220171139_0.JPG?w=480&h=350&t=1239379	GET	image/jpeg	18270
0034	http://images0.boattrader.com/resize/1/85/4/6018504_0_301120162305_0.jpg?w=480&h=350&t=1234775	GET	image/jpeg	32242
0035	http://images0.boattrader.com/resize/1/91/66/6019166_0_301120162308_0.jpg?w=480&h=350&t=1236929	GET	image/jpeg	45489
0036	http://images0.boattrader.com/resize/1/92/68/5939268_20160915083426954_1_LARGE.jpg?w=480&h=350&t=1239406	GET	image/jpeg	34887
0037	http://maps.google.com/maps-api-v3/api/js/27/12/common.js	GET	text/javascript	115640
0038	http://maps.google.com/maps-api-v3/api/js/27/12/stats.js	GET	text/javascript	3540
0039	http://maps.google.com/maps-api-v3/api/js/27/12/util.js	GET	text/javascript	126791
0040	http://maps.google.com/maps/api/js?v=3&callback=__async_req_1__	GET	text/javascript; charset=UTF-8	74298
0041	http://maps.googleapis.com/maps/api/js/AuthenticationService.Authenticate?1shttp%3A%2F%2Fwww.boattrader.com%2F&callback=_xdc_._6ttcpe&token=10966	GET	text/javascript; charset=UTF-8	48
0042	http://maps.googleapis.com/maps/api/js/AuthenticationService.Authenticate?1shttp%3A%2F%2Fwww.boattrader.com%2Fsearch-results%2FNewOrUsed-any%2FType-any%2FCategory-all%2FZip-2500%2FRadius-200%2FMake-parker%2FSort-Length%3ADESC&callback=_xdc_._72nqjz&token=112852	GET	text/javascript; charset=UTF-8	48
0043	http://r12---sn-nx57yn7z.gvt1.com/edgedl/release2/xwcx1usrrnxlryvdmjghisv6emzjqdnc007l0i39h312pffwa4s24c67t9yaw1ergx39aa5e7ta212icq40056je563hl0gd3wc/311_all_sthset.crx?cms_redirect=yes&expire=1487677360&ip=50.112.216.148&ipbits=0&mm=28&mn=sn-nx57yn7z&ms=nvh&mt=1487662865&mv=m&pl=21&shardbypass=yes&sparams=expire,ip,ipbits,mm,mn,ms,mv,pl,shardbypass&signature=2A33C26B931ACD3371B8782E6A07F41D59CDA2FD.4A85D0F924230A18635279C681490A9ED90DD40A&key=cms1	GET	application/octet-stream	8543
0044	http://r17---sn-nx57yn7z.gvt1.com/edgedl/release2/emh61y0oo97qda7u1zli4yjqg02ne9itvhpj1gwr8t3z2khxsa5n0s7ec2jqoruwi6k323zs9rrspz8rkp9knxodt8diww7tv6r/8_linux_fileTypePolicies.crx?cms_redirect=yes&expire=1487677357&ip=50.112.216.148&ipbits=0&mm=28&mn=sn-nx57yn7z&ms=nvh&mt=1487662865&mv=m&pl=21&shardbypass=yes&sparams=expire,ip,ipbits,mm,mn,ms,mv,pl,shardbypass&signature=1190B2CBC48D50D097503D4103CBFA29EC5C0409.38009FFC4F76E63195A4A2E848D21E1D1E946D52&key=cms1	GET	application/octet-stream	2632
0045	http://r5---sn-nx5e6n7d.gvt1.com/edgedl/release2/42h2b1p053hwdbk2kzjhisgdky9pl2c3crzmk7fc6k4szmb3pf1jaosdli9pfdoah8xfbdyz8nhsr2ildxs9wx5dwltlwlv6qt7/24.0.0.221_linux_PepperFlashPlayer.crx?cms_redirect=yes&expire=1487677357&ip=50.112.216.148&ipbits=0&mm=28&mn=sn-nx5e6n7d&ms=nvh&mt=1487662865&mv=m&pl=21&shardbypass=yes&sparams=expire,ip,ipbits,mm,mn,ms,mv,pl,shardbypass&signature=4B902AB8F6CD3C6817FFE53B6255CC6F453DA8FB.432B4FAB35CC4E4FC977FF8CA0E44188EC14C995&key=cms1	GET	application/octet-stream	6924142
0046	http://r6---sn-nx57yne7.gvt1.com/crx/blobs/QwAAAHF3InbmK-wFIemaY3I3BCMFmcli-ojPxrss8OnaeWj-aM94KnUfZllIB6iNgvIzbiyOQEq29-MqzDnS_lFrvqud57a69nl2Pj1Qy2siwmJ-AMZSmuXBvTcInJAMMfStC_pNirYxGyjQGw/extension_0_57_44_2492.crx?cms_redirect=yes&expire=1487677355&ip=50.112.216.148&ipbits=0&mm=31&mn=sn-nx57yne7&ms=au&mt=1487662881&mv=m&pl=21&sparams=expire,ip,ipbits,mm,mn,ms,mv,pl&signature=2F42D46D370764949628CF15F388C5C8682D30F6.4A5B71BA8077B6FF64038ED0950AB450C1BB5EEC&key=cms1	GET	application/x-chrome-extension	6760124
0047	http://redirector.gvt1.com/crx/blobs/QwAAAHF3InbmK-wFIemaY3I3BCMFmcli-ojPxrss8OnaeWj-aM94KnUfZllIB6iNgvIzbiyOQEq29-MqzDnS_lFrvqud57a69nl2Pj1Qy2siwmJ-AMZSmuXBvTcInJAMMfStC_pNirYxGyjQGw/extension_0_57_44_2492.crx	GET	text/html; charset=UTF-8	716
0048	http://redirector.gvt1.com/edgedl/release2/42h2b1p053hwdbk2kzjhisgdky9pl2c3crzmk7fc6k4szmb3pf1jaosdli9pfdoah8xfbdyz8nhsr2ildxs9wx5dwltlwlv6qt7/24.0.0.221_linux_PepperFlashPlayer.crx	GET	text/html; charset=UTF-8	720
0049	http://redirector.gvt1.com/edgedl/release2/emh61y0oo97qda7u1zli4yjqg02ne9itvhpj1gwr8t3z2khxsa5n0s7ec2jqoruwi6k323zs9rrspz8rkp9knxodt8diww7tv6r/8_linux_fileTypePolicies.crx	GET	text/html; charset=UTF-8	711
0050	http://redirector.gvt1.com/edgedl/release2/xwcx1usrrnxlryvdmjghisv6emzjqdnc007l0i39h312pffwa4s24c67t9yaw1ergx39aa5e7ta212icq40056je563hl0gd3wc/311_all_sthset.crx	GET	text/html; charset=UTF-8	701
0051	http://resources.boattrader.com/css/main_inc-release.css?v=0.0.53	GET	text/css	128223
0052	http://resources.boattrader.com/js/boattrader.min.js?v=0.0.53	GET	application/javascript	121106
0053	http://resources.boattrader.com/js/dmm/ads.min.js?v=0.0.53	GET	application/javascript	3700
0054	http://resources.boattrader.com/js/dmm/geo.min.js?v=0.0.53	GET	application/javascript	5433
0055	http://s.boatwizard.com/digitalDataBuilder.min.js	GET	application/javascript	15004
0056	http://s.boatwizard.com/digitalDataBuilderBoatTraderMapper.min.js	GET	application/javascript	13122
0057	http://www.boattrader.com/	GET	text/html; charset=UTF-8	180939
0058	http://www.boattrader.com/favicon.ico	GET	image/vnd.microsoft.icon	1150
0059	http://www.boattrader.com/search-results/NewOrUsed-any/Type-any/Category-all/Zip-2500/Radius-200/Make-parker/Sort-Length:DESC	GET	text/html	256701
0060	http://www.boattrader.com/search/refine?type=all&makes=Parker&radius=200&location=2500	GET	None	0
0061	http://www.boattrader.com/sell	GET	text/html; charset=iso-8859-1	237
0062	http://www.gstatic.com/chrome/crlset/3565/crl-set-2940501435499247224.crx.data	GET	text/html	157491
0063	https://clients2.google.com/service/update2	POST	text/xml; charset=UTF-8	247
0064	https://clients2.google.com/service/update2	POST	text/xml; charset=UTF-8	247
0065	https://clients2.google.com/service/update2	POST	text/xml; charset=UTF-8	247
0066	https://clients2.google.com/service/update2	POST	text/xml; charset=UTF-8	247
0067	https://clients2.google.com/service/update2	POST	text/xml; charset=UTF-8	247
0068	https://clients2.google.com/service/update2	POST	text/xml; charset=UTF-8	247
0069	https://clients2.google.com/service/update2?cup2key=6:62000213&cup2hreq=614208c9c54d6e6599059f33bdb5de446be65267b573628e715511e6619dd039	POST	text/xml; charset=UTF-8	7460
0070	https://clients2.googleusercontent.com/crx/blobs/QgAAAC6zw0qH2DJtnXe8Z7rUJP35Av6_uD2R0shIWqC2XwPmpwrDdH5TKyq_6MWRGfvCXV3f-8g220oUjAO-JvMYG2m5CSvsx6cHch05zQS7ZbtrAMZSmuWMzK-Yj7NpgCxtqGhyTFveAvi-IQ/extension_7.crx	GET	application/x-chrome-extension	676670
0071	https://publicsuffix.org/list/public_suffix_list.dat	GET	text/plain; charset=UTF-8	192977
0072	https://raw.githubusercontent.com/gorhill/uBlock/master/assets/assets.json	GET	text/plain; charset=utf-8	18899
0073	https://sell.boattrader.com/boattrader/choose-package	GET	text/html	32966
0074	https://www.google.com/_/chrome/newtab/manifest?espv=2&ie=UTF-8	GET	text/cache-manifest; charset=UTF-8	321
0075	https://www.google.com/_/chrome/newtab?espv=2&ie=UTF-8	GET	text/html; charset=UTF-8	42157
0076	https://www.google.com/favicon.ico	GET	image/x-icon	5430
0077	https://www.google.com/images/branding/googlelogo/2x/googlelogo_color_272x92dp.png	GET	image/png	13504
0078	https://www.google.com/xjs/_/js/k=xjs.ntp.en_US.Ow4JBL94Dlk.O/m=jsa,ntp,d,csi/am=Gg/rt=j/d=1/t=zcms/rs=ACT90oEVhiZRYFsCjaYX3eVyMTYF6Dg1OA	GET	text/javascript; charset=UTF-8	170501
