0000	https://bat.bing.com/bat.js	GET	application/javascript	7888
0001	https://connect.facebook.net/en_US/fbevents.js	GET	application/x-javascript; charset=utf-8	9524
0002	https://connect.facebook.net/en_US/fbevents.plugins.identity.js	GET	application/x-javascript; charset=utf-8	6949
0003	https://csp.uber.com/csp?a=web-eats&ro=false&v=1	POST	text/plain; charset=utf-8	0
0004	https://csp.uber.com/csp?a=web-eats&ro=false&v=1	POST	text/plain; charset=utf-8	0
0005	https://d1a3f4spazzrp4.cloudfront.net/uber-fonts/4.0.0/superfine.css	GET	text/css	214890
0006	https://d1a3f4spazzrp4.cloudfront.net/uber-icons/3.14.0/uber-icons.css	GET	text/css	107480
0007	https://d3i4yxtzktqr9n.cloudfront.net/web-eats/javascripts/main-99e4cb28461fa857db68.js	GET	application/javascript	700885
0008	https://d3i4yxtzktqr9n.cloudfront.net/web-eats/javascripts/vendor-4f4cb0516cdc2b486496.js	GET	application/javascript	712591
0009	https://d3i4yxtzktqr9n.cloudfront.net/web-eats/static/favicon-17677bc2ca.ico	GET	image/x-icon	1150
0010	https://d3i4yxtzktqr9n.cloudfront.net/web-eats/static/images/components/app-badge-app-store/Download_on_the_App_Store_Badge_US-UK_135x40-d0558d9106.svg	GET	image/svg+xml	12353
0011	https://d3i4yxtzktqr9n.cloudfront.net/web-eats/static/images/components/app-badge-google-play/en_badge_web_generic-75c31455ae.png	GET	image/png	14980
0012	https://d3i4yxtzktqr9n.cloudfront.net/web-eats/static/images/components/homepage-features/eta-f1210237e6.gif	GET	image/gif	360018
0013	https://d3i4yxtzktqr9n.cloudfront.net/web-eats/static/images/components/homepage-features/service-82c873ca0c.png	GET	image/png	88785
0014	https://d3i4yxtzktqr9n.cloudfront.net/web-eats/static/images/components/homepage-parallax/froyo-8912fa907b.jpg	GET	image/jpeg	1251970
0015	https://d3i4yxtzktqr9n.cloudfront.net/web-eats/static/images/components/homepage-parallax/mexican-056397daaf.jpg	GET	image/jpeg	1416947
0016	https://d3i4yxtzktqr9n.cloudfront.net/web-eats/static/images/components/homepage-parallax/ramen-0d4233b7c7.jpg	GET	image/jpeg	782896
0017	https://d3i4yxtzktqr9n.cloudfront.net/web-eats/static/images/components/homepage-parallax/sandwich-e0c17d4457.jpg	GET	image/jpeg	1188429
0018	https://d3i4yxtzktqr9n.cloudfront.net/web-eats/static/images/components/homepage-parallax/sushi-40a0e9db0b.jpg	GET	image/jpeg	930775
0019	https://d3i4yxtzktqr9n.cloudfront.net/web-eats/static/images/components/iphone-preview/phone-shadow-ae6acc194f.png	GET	image/png	73353
0020	https://d3i4yxtzktqr9n.cloudfront.net/web-eats/static/images/components/iphone-preview/phone-shell-f07b5b2243.png	GET	image/png	48764
0021	https://d3i4yxtzktqr9n.cloudfront.net/web-eats/static/images/components/iphone-preview/phone-statusbar-b26affeff7.png	GET	image/png	4742
0022	https://d3i4yxtzktqr9n.cloudfront.net/web-eats/static/javascripts/braintree-56e96f9802.js	GET	application/javascript	62773
0023	https://d3i4yxtzktqr9n.cloudfront.net/web-eats/stylesheets/main-a7f4c53af7.css	GET	text/css; charset=UTF-8	210402
0024	https://duyt4h9nfnj50.cloudfront.net/sku/02434a2db252cb4276dd0ed876501ec2	GET	application/octet-stream	559815
0025	https://duyt4h9nfnj50.cloudfront.net/sku/090f45260a48c75c3dc1ce6879a9a3ac	GET	application/octet-stream	450778
0026	https://duyt4h9nfnj50.cloudfront.net/sku/0e9b5d114b604739b346ede44ab064ae	GET	application/octet-stream	442115
0027	https://duyt4h9nfnj50.cloudfront.net/sku/0fb6f468babf3c5758ee4d69912a8b14	GET	application/octet-stream	298825
0028	https://duyt4h9nfnj50.cloudfront.net/sku/2b93f68d46cc1fea2b7b055d2bb470ef	GET	application/octet-stream	365905
0029	https://duyt4h9nfnj50.cloudfront.net/sku/2ef1663a533095f851714d04604f4154	GET	application/octet-stream	407880
0030	https://duyt4h9nfnj50.cloudfront.net/sku/6b95bd5cc588429c1dabe6cd1dc70cad	GET	application/octet-stream	548491
0031	https://duyt4h9nfnj50.cloudfront.net/sku/7840df582a9324821c8f339c1ef23d36	GET	application/octet-stream	84468
0032	https://duyt4h9nfnj50.cloudfront.net/sku/98f3d9bd26e25795d7112d10161e4b62	GET	application/octet-stream	348226
0033	https://duyt4h9nfnj50.cloudfront.net/sku/a4ceb8072d91de06cf451a6c3b48aec0	GET	application/octet-stream	414118
0034	https://duyt4h9nfnj50.cloudfront.net/sku/c1f2494472035804990df59d329c8b4c	GET	application/octet-stream	490003
0035	https://duyt4h9nfnj50.cloudfront.net/sku/e717fde339f55c1b3e65b463021b0d1f	GET	application/octet-stream	70905
0036	https://duyt4h9nfnj50.cloudfront.net/sku/e74d836c57217b83fb5484721035615b	GET	application/octet-stream	78510
0037	https://duyt4h9nfnj50.cloudfront.net/sku/e8f3c0aa37f2155fb136e257cf36c17f	GET	application/octet-stream	79234
0038	https://tags.tiqcdn.com/utag/tiqapp/utag.v.js?a=uber/main/201702201907&cb=1487662394964	GET	text/javascript	2
0039	https://tags.tiqcdn.com/utag/tiqapp/utag.v.js?a=uber/main/201702201907&cb=1487662398733	GET	text/javascript	2
0040	https://tags.tiqcdn.com/utag/tiqapp/utag.v.js?a=uber/main/201702201907&cb=1487662418678	GET	text/javascript	2
0041	https://tags.tiqcdn.com/utag/uber/main/prod/utag.175.js?utv=201701192230	GET	text/javascript	4573
0042	https://tags.tiqcdn.com/utag/uber/main/prod/utag.180.js?utv=201510231815	GET	text/javascript	3888
0043	https://tags.tiqcdn.com/utag/uber/main/prod/utag.184.js?utv=201510231815	GET	text/javascript	2343
0044	https://tags.tiqcdn.com/utag/uber/main/prod/utag.218.js?utv=201510231815	GET	text/javascript	2880
0045	https://tags.tiqcdn.com/utag/uber/main/prod/utag.288.js?utv=201512161405	GET	text/javascript	1350
0046	https://tags.tiqcdn.com/utag/uber/main/prod/utag.388.js?utv=201701200244	GET	text/javascript	2520
0047	https://tags.tiqcdn.com/utag/uber/main/prod/utag.403.js?utv=201604272031	GET	text/javascript	2143
0048	https://tags.tiqcdn.com/utag/uber/main/prod/utag.416.js?utv=201701200244	GET	text/javascript	2072
0049	https://tags.tiqcdn.com/utag/uber/main/prod/utag.467.js?utv=201609232153	GET	text/javascript	2452
0050	https://tags.tiqcdn.com/utag/uber/main/prod/utag.524.js?utv=201608032246	GET	text/javascript	3953
0051	https://tags.tiqcdn.com/utag/uber/main/prod/utag.526.js?utv=201608032246	GET	text/javascript	3953
0052	https://tags.tiqcdn.com/utag/uber/main/prod/utag.540.js?utv=201609082057	GET	text/javascript	2900
0053	https://tags.tiqcdn.com/utag/uber/main/prod/utag.545.js?utv=201608222100	GET	text/javascript	5442
0054	https://tags.tiqcdn.com/utag/uber/main/prod/utag.546.js?utv=201608231728	GET	text/javascript	2488
0055	https://tags.tiqcdn.com/utag/uber/main/prod/utag.557.js?utv=201702170436	GET	text/javascript	3237
0056	https://tags.tiqcdn.com/utag/uber/main/prod/utag.576.js?utv=201612151828	GET	text/javascript	8243
0057	https://tags.tiqcdn.com/utag/uber/main/prod/utag.578.js?utv=201701181923	GET	text/javascript	10601
0058	https://tags.tiqcdn.com/utag/uber/main/prod/utag.582.js?utv=201701200410	GET	text/javascript	3067
0059	https://tags.tiqcdn.com/utag/uber/main/prod/utag.590.js?utv=201701181923	GET	text/javascript	4475
0060	https://tags.tiqcdn.com/utag/uber/main/prod/utag.627.js?utv=201701192230	GET	text/javascript	4025
0061	https://tags.tiqcdn.com/utag/uber/main/prod/utag.662.js?utv=201701181923	GET	text/javascript	10601
0062	https://tags.tiqcdn.com/utag/uber/main/prod/utag.683.js?utv=201701181923	GET	text/javascript	10601
0063	https://tags.tiqcdn.com/utag/uber/main/prod/utag.700.js?utv=201612132118	GET	text/javascript	12660
0064	https://tags.tiqcdn.com/utag/uber/main/prod/utag.702.js?utv=201702090207	GET	text/javascript	22307
0065	https://tags.tiqcdn.com/utag/uber/main/prod/utag.703.js?utv=201701181923	GET	text/javascript	10601
0066	https://tags.tiqcdn.com/utag/uber/main/prod/utag.727.js?utv=201701261739	GET	text/javascript	71830
0067	https://tags.tiqcdn.com/utag/uber/main/prod/utag.743.js?utv=201702201907	GET	text/javascript	4001
0068	https://tags.tiqcdn.com/utag/uber/main/prod/utag.750.js?utv=201702201907	GET	text/javascript	4001
0069	https://tags.tiqcdn.com/utag/uber/main/prod/utag.js	GET	text/javascript	150862
0070	https://www.google.com/_/chrome/newtab?espv=2&ie=UTF-8	GET	text/html; charset=UTF-8	42061
0071	https://www.google.com/favicon.ico	GET	image/x-icon	5430
0072	https://www.google.com/images/branding/googlelogo/2x/googlelogo_color_272x92dp.png	GET	image/png	13504
0073	https://www.google.com/xjs/_/js/k=xjs.ntp.en_US.Ow4JBL94Dlk.O/m=jsa,ntp,d,csi/am=Gg/rt=j/d=1/t=zcms/rs=ACT90oEVhiZRYFsCjaYX3eVyMTYF6Dg1OA	GET	text/javascript; charset=UTF-8	170501
0074	https://www.ubereats.com/	GET	text/html; charset=utf-8	64
0075	https://www.ubereats.com/portland/	GET	text/html; charset=utf-8	356699
