0000	https://postcalc.usps.com/	GET	text/html; charset=utf-8	141
0001	https://postcalc.usps.com/Mobile/Default.aspx	GET	text/html; charset=utf-8	8859
0002	https://postcalc.usps.com/Mobile/MobileStyleSheet.css	GET	text/css	3809
0003	https://postcalc.usps.com/favicon.ico	GET	text/html	1245
0004	https://postcalc.usps.com/images/USPSMobileLogo.gif	GET	image/gif	1241
0005	https://www.google.com/_/chrome/newtab?espv=2&ie=UTF-8	GET	text/html; charset=UTF-8	42111
0006	https://www.google.com/favicon.ico	GET	image/x-icon	5430
0007	https://www.google.com/images/branding/googlelogo/2x/googlelogo_color_272x92dp.png	GET	image/png	13504
0008	https://www.google.com/xjs/_/js/k=xjs.ntp.en_US.Ow4JBL94Dlk.O/m=jsa,ntp,d,csi/am=Gg/rt=j/d=1/t=zcms/rs=ACT90oEVhiZRYFsCjaYX3eVyMTYF6Dg1OA	GET	text/javascript; charset=UTF-8	170501
