0000	https://www.google.com/_/chrome/newtab/manifest?espv=2&ie=UTF-8	GET	text/cache-manifest; charset=UTF-8	321
0001	https://www.google.com/_/chrome/newtab?espv=2&ie=UTF-8	GET	text/html; charset=UTF-8	42148
0002	https://www.google.com/favicon.ico	GET	image/x-icon	5430
0003	https://www.google.com/images/branding/googlelogo/2x/googlelogo_color_272x92dp.png	GET	image/png	13504
0004	https://www.google.com/images/branding/googlelogo/2x/googlelogo_light_color_272x92dp.png	GET	image/png	7108
0005	https://www.google.com/images/branding/product/ico/googleg_lodp.ico	GET	image/x-icon	5430
0006	https://www.google.com/images/branding/searchlogo/1x/googlelogo_mobile_tier1_srp_color_75x26dp.png	GET	image/png	1757
0007	https://www.google.com/images/nav_logo242_hr.png	GET	image/png	30706
0008	https://www.google.com/images/srpr/doodle_notifier_01.gif	GET	image/gif	43854
0009	https://www.google.com/sdch/9TfwYKZ7.dct	GET	application/x-sdch-dictionary	149038
0010	https://www.google.com/search?q=goo&oq=goo&aqs=chrome..69i57.452j0j7&sourceid=chrome&ie=UTF-8	GET	text/html; charset=UTF-8	135363
0011	https://www.google.com/xjs/_/js/k=xjs.ntp.en_US.Ow4JBL94Dlk.O/m=jsa,ntp,d,csi/am=Gg/rt=j/d=1/t=zcms/rs=ACT90oEVhiZRYFsCjaYX3eVyMTYF6Dg1OA	GET	text/javascript; charset=UTF-8	170501
0012	https://www.google.com/xjs/_/js/k=xjs.qs.en.OgiktjFoH5Y.O/m=sx,c,elog,cdos,sb_mob,mbsf,hsm,r,qsm,qim,j,jsa,d,csi/am=gCP4l2WCAjwA2XU2a_wLCABnABA/rt=j/d=1/t=zcms/rs=ACT90oGxMk7mMKCTQo7oR6QVMzpEaUrYMQ	GET	text/javascript; charset=UTF-8	411671
0013	https://www.google.com/xjs/_/js/k=xjs.qs.en.OgiktjFoH5Y.O/m=sy15,sy17,em2,sy18,aa,abd,sy75,sy79,sy77,sy70,sy73,sy69,sy72,sy80,sy81,sy82,em14,async,sy393,sy39,sy396,sy394,sy395,sy40,sy397,sy398,sy41,sy392,dvl,sy492,foot,ipv6,shm,sy94,sy95,sy88,sy106,em20,sy92,vs,sy178,sy180,sy181,sy179,sy200,sy182,sy199,sy201,sy163,sy202,sy250,sy703,sy704,tnv,bct,sy229,nvm,sy132,sy123,sy173,sy316,sy63,sy450,expl,sy650,sy654,sy659,sy662,sy651,sy668,sy661,sy666,sy664,sy649,sy645,sy647,em29,em30,em31,em32,em33,em34,em35,em36,sy663,udlg,sy192,atn,sy50,hats/am=gCP4l2WCAjwA2XU2a_wLCABnABA/rt=j/d=0/t=zcms/rs=ACT90oGxMk7mMKCTQo7oR6QVMzpEaUrYMQ	GET	text/javascript; charset=UTF-8	166501
0014	https://www.uber.com/	GET	text/html	162
0015	https://www.uber.com/fare-estimate/	GET	text/html	162
0016	https://www.uber.com/favicon.ico	GET	text/html	162
