0000	http://r12---sn-nx57yn7z.gvt1.com/edgedl/release2/xwcx1usrrnxlryvdmjghisv6emzjqdnc007l0i39h312pffwa4s24c67t9yaw1ergx39aa5e7ta212icq40056je563hl0gd3wc/311_all_sthset.crx?cms_redirect=yes&expire=1487656674&ip=50.112.216.148&ipbits=0&mm=28&mn=sn-nx57yn7z&ms=nvh&mt=1487642189&mv=u&pl=21&shardbypass=yes&sparams=expire,ip,ipbits,mm,mn,ms,mv,pl,shardbypass&signature=78D60561D714E33C7EABF6B2FDC7D3B980F6C098.6DCE244B290EF14AAF0597914A827F14B6E645C3&key=cms1	GET	application/octet-stream	8543
0001	http://r16---sn-nx57yn7d.gvt1.com/edgedl/release2/of5bnc2s2kxkkxu8uwgwg9kc9njmg1secxisd5wmnrx0cp0yygb8u9bjcuroev7py8qcy9anzpx4nefn3ck9c0ri2d034tp55d4/310_all_sthset.crx?cms_redirect=yes&expire=1487580508&ip=50.112.216.148&ipbits=0&mm=28&mn=sn-nx57yn7d&ms=nvh&mt=1487566027&mv=m&pl=21&shardbypass=yes&sparams=expire,ip,ipbits,mm,mn,ms,mv,pl,shardbypass&signature=35709ACC82736719D7FDFAAF6181B3EC24CD905F.814A8FB45D5D510A2515438F909B1489C121C7AB&key=cms1	GET	application/octet-stream	8541
0002	http://r17---sn-nx57yn7z.gvt1.com/edgedl/release2/emh61y0oo97qda7u1zli4yjqg02ne9itvhpj1gwr8t3z2khxsa5n0s7ec2jqoruwi6k323zs9rrspz8rkp9knxodt8diww7tv6r/8_linux_fileTypePolicies.crx?cms_redirect=yes&expire=1487580505&ip=50.112.216.148&ipbits=0&mm=28&mn=sn-nx57yn7z&ms=nvh&mt=1487566027&mv=m&pl=21&shardbypass=yes&sparams=expire,ip,ipbits,mm,mn,ms,mv,pl,shardbypass&signature=32FA06295AE1C9F9739777A46314F760BBFE3064.26FCE7378A034D7A15FE6F55312862F266925CB0&key=cms1	GET	application/octet-stream	2632
0003	http://r5---sn-nx5e6n7d.gvt1.com/edgedl/release2/42h2b1p053hwdbk2kzjhisgdky9pl2c3crzmk7fc6k4szmb3pf1jaosdli9pfdoah8xfbdyz8nhsr2ildxs9wx5dwltlwlv6qt7/24.0.0.221_linux_PepperFlashPlayer.crx?cms_redirect=yes&expire=1487580506&ip=50.112.216.148&ipbits=0&mm=28&mn=sn-nx5e6n7d&ms=nvh&mt=1487566027&mv=m&pl=21&shardbypass=yes&sparams=expire,ip,ipbits,mm,mn,ms,mv,pl,shardbypass&signature=1C88BF761EDC57ED1C31A2ED9C42DFAD29E73EA9.35E4F32FFA1EC6E1BA91023B0DFD7063D1B4F07B&key=cms1	GET	application/octet-stream	6924142
0004	http://r6---sn-nx57yne7.gvt1.com/crx/blobs/QwAAAHF3InbmK-wFIemaY3I3BCMFmcli-ojPxrss8OnaeWj-aM94KnUfZllIB6iNgvIzbiyOQEq29-MqzDnS_lFrvqud57a69nl2Pj1Qy2siwmJ-AMZSmuXBvTcInJAMMfStC_pNirYxGyjQGw/extension_0_57_44_2492.crx?cms_redirect=yes&expire=1487580503&ip=50.112.216.148&ipbits=0&mm=31&mn=sn-nx57yne7&ms=au&mt=1487565990&mv=m&pl=21&sparams=expire,ip,ipbits,mm,mn,ms,mv,pl&signature=462A3984D9351B252A1133D08E2A65DFB544CC3B.01018E1061CBF1355E1A3AB26E975DB49EA401E6&key=cms1	GET	application/x-chrome-extension	6760124
0005	http://redirector.gvt1.com/crx/blobs/QwAAAHF3InbmK-wFIemaY3I3BCMFmcli-ojPxrss8OnaeWj-aM94KnUfZllIB6iNgvIzbiyOQEq29-MqzDnS_lFrvqud57a69nl2Pj1Qy2siwmJ-AMZSmuXBvTcInJAMMfStC_pNirYxGyjQGw/extension_0_57_44_2492.crx	GET	text/html; charset=UTF-8	716
0006	http://redirector.gvt1.com/edgedl/release2/42h2b1p053hwdbk2kzjhisgdky9pl2c3crzmk7fc6k4szmb3pf1jaosdli9pfdoah8xfbdyz8nhsr2ildxs9wx5dwltlwlv6qt7/24.0.0.221_linux_PepperFlashPlayer.crx	GET	text/html; charset=UTF-8	720
0007	http://redirector.gvt1.com/edgedl/release2/emh61y0oo97qda7u1zli4yjqg02ne9itvhpj1gwr8t3z2khxsa5n0s7ec2jqoruwi6k323zs9rrspz8rkp9knxodt8diww7tv6r/8_linux_fileTypePolicies.crx	GET	text/html; charset=UTF-8	711
0008	http://redirector.gvt1.com/edgedl/release2/of5bnc2s2kxkkxu8uwgwg9kc9njmg1secxisd5wmnrx0cp0yygb8u9bjcuroev7py8qcy9anzpx4nefn3ck9c0ri2d034tp55d4/310_all_sthset.crx	GET	text/html; charset=UTF-8	701
0009	http://redirector.gvt1.com/edgedl/release2/xwcx1usrrnxlryvdmjghisv6emzjqdnc007l0i39h312pffwa4s24c67t9yaw1ergx39aa5e7ta212icq40056je563hl0gd3wc/311_all_sthset.crx	GET	text/html; charset=UTF-8	701
0010	http://scrabblewordfinder.org/	GET	text/html;charset=utf-8	14089
0011	http://scrabblewordfinder.org/__webQA__	POST	text/html	0
0012	http://scrabblewordfinder.org/__webQA__	POST	text/html	0
0013	http://scrabblewordfinder.org/__webQA__	POST	text/html	0
0014	http://scrabblewordfinder.org/__webQA__	POST	text/html	0
0015	http://scrabblewordfinder.org/__webQA__	POST	text/html	0
0016	http://scrabblewordfinder.org/__webQA__	POST	text/html	0
0017	http://scrabblewordfinder.org/__webQA__	POST	text/html	0
0018	http://scrabblewordfinder.org/__webQA__	POST	text/html	0
0019	http://scrabblewordfinder.org/__webQA__	POST	text/html	0
0020	http://scrabblewordfinder.org/__webQA__	POST	text/html	0
0021	http://scrabblewordfinder.org/__webQA__	POST	text/html	0
0022	http://scrabblewordfinder.org/__webQA__	POST	text/html	0
0023	http://scrabblewordfinder.org/__webQA__	POST	text/html	0
0024	http://scrabblewordfinder.org/__webQA__	POST	text/html	0
0025	http://scrabblewordfinder.org/__webQA__	POST	text/html	0
0026	http://scrabblewordfinder.org/__webQA__	POST	text/html	0
0027	http://scrabblewordfinder.org/__webQA__	POST	text/html	0
0028	http://scrabblewordfinder.org/__webQA__	POST	text/html	0
0029	http://scrabblewordfinder.org/__webQA__	POST	text/html	0
0030	http://scrabblewordfinder.org/__webQA__	POST	text/html	0
0031	http://scrabblewordfinder.org/__webQA__	POST	text/html	0
0032	http://scrabblewordfinder.org/__webQA__	POST	text/html	0
0033	http://scrabblewordfinder.org/__webQA__	POST	text/html	0
0034	http://scrabblewordfinder.org/__webQA__	POST	text/html	0
0035	http://scrabblewordfinder.org/__webQA__	POST	text/html	0
0036	http://scrabblewordfinder.org/__webQA__	POST	text/html	0
0037	http://scrabblewordfinder.org/__webQA__	POST	text/html	0
0038	http://scrabblewordfinder.org/__webQA__	POST	text/html	0
0039	http://scrabblewordfinder.org/__webQA__	POST	text/html	0
0040	http://scrabblewordfinder.org/__webQA__	POST	text/html	0
0041	http://scrabblewordfinder.org/__webQA__	POST	text/html	0
0042	http://scrabblewordfinder.org/__webQA__	POST	text/html	0
0043	http://scrabblewordfinder.org/__webQA__	POST	text/html	0
0044	http://scrabblewordfinder.org/__webQA__	POST	text/html	0
0045	http://scrabblewordfinder.org/__webQA__	POST	text/html	0
0046	http://scrabblewordfinder.org/__webQA__	POST	text/html	0
0047	http://scrabblewordfinder.org/__webQA__	POST	text/html	0
0048	http://scrabblewordfinder.org/__webQA__	POST	text/html	0
0049	http://scrabblewordfinder.org/__webQA__	POST	text/html	0
0050	http://scrabblewordfinder.org/__webQA__	POST	text/html	0
0051	http://scrabblewordfinder.org/__webQA__	POST	text/html	0
0052	http://scrabblewordfinder.org/__webQA__	POST	text/html	0
0053	http://scrabblewordfinder.org/__webQA__	POST	text/html	0
0054	http://scrabblewordfinder.org/__webQA__	POST	text/html	0
0055	http://scrabblewordfinder.org/__webQA__	POST	text/html	0
0056	http://scrabblewordfinder.org/__webQA__	POST	text/html	0
0057	http://scrabblewordfinder.org/__webQA__	POST	text/html	0
0058	http://scrabblewordfinder.org/__webQA__	POST	text/html	0
0059	http://scrabblewordfinder.org/__webQA__	POST	text/html	0
0060	http://scrabblewordfinder.org/__webQA__	POST	text/html	0
0061	http://scrabblewordfinder.org/__webQA__	POST	text/html	0
0062	http://scrabblewordfinder.org/__webQA__	POST	text/html	0
0063	http://scrabblewordfinder.org/__webQA__	POST	text/html	0
0064	http://scrabblewordfinder.org/__webQA__	POST	text/html	0
0065	http://scrabblewordfinder.org/__webQA__	POST	text/html	0
0066	http://scrabblewordfinder.org/__webQA__	POST	text/html	0
0067	http://scrabblewordfinder.org/__webQA__	POST	text/html	0
0068	http://scrabblewordfinder.org/__webQA__	POST	text/html	0
0069	http://scrabblewordfinder.org/__webQA__	POST	text/html	0
0070	http://scrabblewordfinder.org/__webQA__	POST	text/html	0
0071	http://scrabblewordfinder.org/__webQA__	POST	text/html	0
0072	http://scrabblewordfinder.org/__webQA__	POST	text/html	0
0073	http://scrabblewordfinder.org/__webQA__	POST	text/html	0
0074	http://scrabblewordfinder.org/__webQA__	POST	text/html	0
0075	http://scrabblewordfinder.org/__webQA__	POST	text/html	0
0076	http://scrabblewordfinder.org/__webQA__	POST	text/html	0
0077	http://scrabblewordfinder.org/__webQA__	POST	text/html	0
0078	http://scrabblewordfinder.org/__webQA__	POST	text/html	0
0079	http://scrabblewordfinder.org/__webQA__	POST	text/html	0
0080	http://scrabblewordfinder.org/__webQA__	POST	text/html	0
0081	http://scrabblewordfinder.org/__webQA__	POST	text/html	0
0082	http://scrabblewordfinder.org/__webQA__	POST	text/html	0
0083	http://scrabblewordfinder.org/__webQA__	POST	text/html	0
0084	http://scrabblewordfinder.org/__webQA__	POST	text/html	0
0085	http://scrabblewordfinder.org/__webQA__	POST	text/html	0
0086	http://scrabblewordfinder.org/__webQA__	POST	text/html	0
0087	http://scrabblewordfinder.org/__webQA__	POST	text/html	0
0088	http://scrabblewordfinder.org/__webQA__	POST	text/html	0
0089	http://scrabblewordfinder.org/__webQA__	POST	text/html	0
0090	http://scrabblewordfinder.org/__webQA__	POST	text/html	0
0091	http://scrabblewordfinder.org/__webQA__	POST	text/html	0
0092	http://scrabblewordfinder.org/__webQA__	POST	text/html	0
0093	http://scrabblewordfinder.org/__webQA__	POST	text/html	0
0094	http://scrabblewordfinder.org/__webQA__	POST	text/html	0
0095	http://scrabblewordfinder.org/__webQA__	POST	text/html	0
0096	http://scrabblewordfinder.org/dictionary/acumen	GET	text/html;charset=utf-8	4974
0097	http://scrabblewordfinder.org/dictionary/column	GET	text/html;charset=utf-8	6243
0098	http://scrabblewordfinder.org/dictionary/emus	GET	text/html;charset=utf-8	4830
0099	http://scrabblewordfinder.org/dictionary/fracture	GET	text/html;charset=utf-8	5922
0100	http://scrabblewordfinder.org/dictionary/freedom	GET	text/html;charset=utf-8	5072
0101	http://scrabblewordfinder.org/dictionary/harbinger	GET	text/html;charset=utf-8	5160
0102	http://scrabblewordfinder.org/dictionary/huffy	GET	text/html;charset=utf-8	5160
0103	http://scrabblewordfinder.org/dictionary/kythe	GET	text/html;charset=utf-8	4833
0104	http://scrabblewordfinder.org/dictionary/lose	GET	text/html;charset=utf-8	6651
0105	http://scrabblewordfinder.org/dictionary/noodle	GET	text/html;charset=utf-8	5010
0106	http://scrabblewordfinder.org/dictionary/operant	GET	text/html;charset=utf-8	4994
0107	http://scrabblewordfinder.org/dictionary/polenta	GET	text/html;charset=utf-8	4930
0108	http://scrabblewordfinder.org/dictionary/pus	GET	text/html;charset=utf-8	5046
0109	http://scrabblewordfinder.org/dictionary/souvenir	GET	text/html;charset=utf-8	5032
0110	http://scrabblewordfinder.org/dictionary/sup	GET	text/html;charset=utf-8	5071
0111	http://scrabblewordfinder.org/favicon.ico	GET	text/html;charset=utf-8	206
0112	http://scrabblewordfinder.org/favicon.png	GET	image/png	589
0113	http://scrabblewordfinder.org/images/logo.png	GET	image/png	3602
0114	http://scrabblewordfinder.org/solver	POST	text/html;charset=utf-8	35328
0115	http://scrabblewordfinder.org/solver	POST	text/html;charset=utf-8	22743
0116	http://scrabblewordfinder.org/solver	POST	text/html;charset=utf-8	20691
0117	http://scrabblewordfinder.org/solver	POST	text/html;charset=utf-8	44928
0118	http://scrabblewordfinder.org/solver	POST	text/html;charset=utf-8	45831
0119	http://scrabblewordfinder.org/solver	POST	text/html;charset=utf-8	39546
0120	http://scrabblewordfinder.org/solver	POST	text/html;charset=utf-8	23604
0121	http://scrabblewordfinder.org/solver	POST	text/html;charset=utf-8	17829
0122	http://scrabblewordfinder.org/solver	POST	text/html;charset=utf-8	22308
0123	http://scrabblewordfinder.org/solver	POST	text/html;charset=utf-8	28386
0124	http://scrabblewordfinder.org/solver	POST	text/html;charset=utf-8	38742
0125	http://scrabblewordfinder.org/solver	POST	text/html;charset=utf-8	19320
0126	http://scrabblewordfinder.org/solver	POST	text/html;charset=utf-8	28815
0127	http://scrabblewordfinder.org/solver	POST	text/html;charset=utf-8	21987
0128	http://scrabblewordfinder.org/solver	POST	text/html;charset=utf-8	18234
0129	http://scrabblewordfinder.org/solver	POST	text/html;charset=utf-8	32397
0130	http://scrabblewordfinder.org/solver	POST	text/html;charset=utf-8	21072
0131	http://scrabblewordfinder.org/solver	POST	text/html;charset=utf-8	24111
0132	http://scrabblewordfinder.org/solver	POST	text/html;charset=utf-8	22578
0133	http://scrabblewordfinder.org/solver	POST	text/html;charset=utf-8	20535
0134	http://scrabblewordfinder.org/solver	POST	text/html;charset=utf-8	21087
0135	http://scrabblewordfinder.org/solver	POST	text/html;charset=utf-8	19872
0136	http://scrabblewordfinder.org/solver	POST	text/html;charset=utf-8	21642
0137	http://scrabblewordfinder.org/solver	POST	text/html;charset=utf-8	33381
0138	http://scrabblewordfinder.org/solver	POST	text/html;charset=utf-8	28815
0139	http://scrabblewordfinder.org/solver	POST	text/html;charset=utf-8	22221
0140	http://scrabblewordfinder.org/solver	POST	text/html;charset=utf-8	45297
0141	http://scrabblewordfinder.org/solver	POST	text/html;charset=utf-8	23589
0142	http://scrabblewordfinder.org/solver	POST	text/html;charset=utf-8	17823
0143	http://scrabblewordfinder.org/solver	POST	text/html;charset=utf-8	45435
0144	http://scrabblewordfinder.org/solver	POST	text/html;charset=utf-8	23445
0145	http://scrabblewordfinder.org/solver	POST	text/html;charset=utf-8	28482
0146	http://scrabblewordfinder.org/solver	POST	text/html;charset=utf-8	18252
0147	http://scrabblewordfinder.org/solver	POST	text/html;charset=utf-8	27939
0148	http://scrabblewordfinder.org/solver	POST	text/html;charset=utf-8	30462
0149	http://scrabblewordfinder.org/solver	POST	text/html;charset=utf-8	22626
0150	http://scrabblewordfinder.org/solver	POST	text/html;charset=utf-8	22998
0151	http://scrabblewordfinder.org/solver	POST	text/html;charset=utf-8	18282
0152	http://scrabblewordfinder.org/solver	POST	text/html;charset=utf-8	24168
0153	http://scrabblewordfinder.org/solver	POST	text/html;charset=utf-8	29976
0154	http://scrabblewordfinder.org/solver	POST	text/html;charset=utf-8	19344
0155	http://scrabblewordfinder.org/solver	POST	text/html;charset=utf-8	27537
0156	http://scrabblewordfinder.org/solver	POST	text/html;charset=utf-8	18771
0157	http://scrabblewordfinder.org/solver	POST	text/html;charset=utf-8	36438
0158	http://scrabblewordfinder.org/solver	POST	text/html;charset=utf-8	37836
0159	http://scrabblewordfinder.org/solver	POST	text/html;charset=utf-8	31293
0160	http://scrabblewordfinder.org/solver	POST	text/html;charset=utf-8	22083
0161	http://scrabblewordfinder.org/solver	POST	text/html;charset=utf-8	22509
0162	http://scrabblewordfinder.org/solver	POST	text/html;charset=utf-8	17427
0163	http://scrabblewordfinder.org/solver	POST	text/html;charset=utf-8	22086
0164	http://scrabblewordfinder.org/solver	POST	text/html;charset=utf-8	56118
0165	http://scrabblewordfinder.org/solver	POST	text/html;charset=utf-8	18789
0166	http://scrabblewordfinder.org/solver	POST	text/html;charset=utf-8	22929
0167	http://scrabblewordfinder.org/solver	POST	text/html;charset=utf-8	17433
0168	http://scrabblewordfinder.org/solver	POST	text/html;charset=utf-8	32948
0169	http://scrabblewordfinder.org/solver	POST	text/html;charset=utf-8	20820
0170	http://scrabblewordfinder.org/solver	POST	text/html;charset=utf-8	30072
0171	http://scrabblewordfinder.org/solver	POST	text/html;charset=utf-8	28854
0172	http://scrabblewordfinder.org/solver	POST	text/html;charset=utf-8	31986
0173	http://scrabblewordfinder.org/solver	POST	text/html;charset=utf-8	94507
0174	http://scrabblewordfinder.org/solver	POST	text/html;charset=utf-8	52320
0175	http://scrabblewordfinder.org/solver	POST	text/html;charset=utf-8	50475
0176	http://scrabblewordfinder.org/solver	POST	text/html;charset=utf-8	38742
0177	http://scrabblewordfinder.org/solver	POST	text/html;charset=utf-8	36408
0178	http://scrabblewordfinder.org/solver	POST	text/html;charset=utf-8	75264
0179	http://scrabblewordfinder.org/solver	POST	text/html;charset=utf-8	46830
0180	http://scrabblewordfinder.org/solver	POST	text/html;charset=utf-8	42810
0181	http://scrabblewordfinder.org/solver	POST	text/html;charset=utf-8	22077
0182	http://scrabblewordfinder.org/solver	POST	text/html;charset=utf-8	44928
0183	http://scrabblewordfinder.org/solver	POST	text/html;charset=utf-8	37986
0184	http://scrabblewordfinder.org/solver	POST	text/html;charset=utf-8	19197
0185	http://scrabblewordfinder.org/solver	POST	text/html;charset=utf-8	44464
0186	http://scrabblewordfinder.org/solver	POST	text/html;charset=utf-8	22515
0187	http://scrabblewordfinder.org/solver	POST	text/html;charset=utf-8	18387
0188	http://scrabblewordfinder.org/solver	POST	text/html;charset=utf-8	41652
0189	http://scrabblewordfinder.org/solver	POST	text/html;charset=utf-8	37272
0190	http://scrabblewordfinder.org/solver	POST	text/html;charset=utf-8	16500
0191	http://scrabblewordfinder.org/solver	POST	text/html;charset=utf-8	19872
0192	http://scrabblewordfinder.org/solver	POST	text/html;charset=utf-8	25164
0193	http://scrabblewordfinder.org/solver	POST	text/html;charset=utf-8	24522
0194	http://scrabblewordfinder.org/solver	POST	text/html;charset=utf-8	22590
0195	http://scrabblewordfinder.org/solver	POST	text/html;charset=utf-8	24108
0196	http://scrabblewordfinder.org/solver	POST	text/html;charset=utf-8	21651
0197	http://scrabblewordfinder.org/solver	POST	text/html;charset=utf-8	38772
0198	http://scrabblewordfinder.org/stylesheets/style.css	GET	text/css	45322
0199	http://www.gstatic.com/chrome/crlset/3563/crl-set-12423793291198633603.crx.data	GET	text/html	157460
0200	http://www.gstatic.com/chrome/crlset/3564/crl-set-2655903026724330344.crx.data	GET	text/html	157465
0201	http://www.gstatic.com/chrome/crlset/3565/crl-set-2940501435499247224.crx.data	GET	text/html	157491
0202	http://www.gstatic.com/chrome/crlset/3567/crl-set-11658274932462407753.crx.data	GET	text/html	157635
0203	http://www.gstatic.com/chrome/crlset/3568/crl-set-delta-3567-7682943540020803198.crx.data	GET	text/html	1832
0204	http://www.gstatic.com/chrome/crlset/3569/crl-set-delta-3568-2864962731902972204.crx.data	GET	text/html	2307
0205	http://www.gstatic.com/chrome/crlset/3570/crl-set-delta-3569-4758334340075482842.crx.data	GET	text/html	1922
0206	http://www.gstatic.com/chrome/crlset/3571/crl-set-delta-3570-11719800252922267394.crx.data	GET	text/html	2513
0207	https://accounts.google.com/ListAccounts?gpsia=1&source=ChromiumAccountInvestigator&json=standard	POST	application/json; charset=utf-8	19
0208	https://ajax.googleapis.com/ajax/libs/jquery/1.9.1/jquery.min.js	GET	text/javascript; charset=UTF-8	92629
0209	https://clients2.google.com/service/update2	POST	text/xml; charset=UTF-8	247
0210	https://clients2.google.com/service/update2	POST	text/xml; charset=UTF-8	247
0211	https://clients2.google.com/service/update2	POST	text/xml; charset=UTF-8	247
0212	https://clients2.google.com/service/update2	POST	text/xml; charset=UTF-8	247
0213	https://clients2.google.com/service/update2	POST	text/xml; charset=UTF-8	247
0214	https://clients2.google.com/service/update2	POST	text/xml; charset=UTF-8	247
0215	https://clients2.google.com/service/update2	POST	text/xml; charset=UTF-8	247
0216	https://clients2.google.com/service/update2	POST	text/xml; charset=UTF-8	247
0217	https://clients2.google.com/service/update2	POST	text/xml; charset=UTF-8	247
0218	https://clients2.google.com/service/update2	POST	text/xml; charset=UTF-8	247
0219	https://clients2.google.com/service/update2	POST	text/xml; charset=UTF-8	247
0220	https://clients2.google.com/service/update2	POST	text/xml; charset=UTF-8	247
0221	https://clients2.google.com/service/update2	POST	text/xml; charset=UTF-8	247
0222	https://clients2.google.com/service/update2	POST	text/xml; charset=UTF-8	247
0223	https://clients2.google.com/service/update2	POST	text/xml; charset=UTF-8	247
0224	https://clients2.google.com/service/update2	POST	text/xml; charset=UTF-8	247
0225	https://clients2.google.com/service/update2	POST	text/xml; charset=UTF-8	247
0226	https://clients2.google.com/service/update2	POST	text/xml; charset=UTF-8	246
0227	https://clients2.google.com/service/update2	POST	text/xml; charset=UTF-8	247
0228	https://clients2.google.com/service/update2	POST	text/xml; charset=UTF-8	247
0229	https://clients2.google.com/service/update2	POST	text/xml; charset=UTF-8	247
0230	https://clients2.google.com/service/update2	POST	text/xml; charset=UTF-8	247
0231	https://clients2.google.com/service/update2	POST	text/xml; charset=UTF-8	247
0232	https://clients2.google.com/service/update2	POST	text/xml; charset=UTF-8	247
0233	https://clients2.google.com/service/update2	POST	text/xml; charset=UTF-8	247
0234	https://clients2.google.com/service/update2	POST	text/xml; charset=UTF-8	247
0235	https://clients2.google.com/service/update2	POST	text/xml; charset=UTF-8	247
0236	https://clients2.google.com/service/update2	POST	text/xml; charset=UTF-8	246
0237	https://clients2.google.com/service/update2	POST	text/xml; charset=UTF-8	247
0238	https://clients2.google.com/service/update2	POST	text/xml; charset=UTF-8	247
0239	https://clients2.google.com/service/update2	POST	text/xml; charset=UTF-8	247
0240	https://clients2.google.com/service/update2	POST	text/xml; charset=UTF-8	247
0241	https://clients2.google.com/service/update2	POST	text/xml; charset=UTF-8	247
0242	https://clients2.google.com/service/update2	POST	text/xml; charset=UTF-8	246
0243	https://clients2.google.com/service/update2	POST	text/xml; charset=UTF-8	246
0244	https://clients2.google.com/service/update2	POST	text/xml; charset=UTF-8	247
0245	https://clients2.google.com/service/update2	POST	text/xml; charset=UTF-8	247
0246	https://clients2.google.com/service/update2	POST	text/xml; charset=UTF-8	247
0247	https://clients2.google.com/service/update2	POST	text/xml; charset=UTF-8	247
0248	https://clients2.google.com/service/update2	POST	text/xml; charset=UTF-8	247
0249	https://clients2.google.com/service/update2	POST	text/xml; charset=UTF-8	247
0250	https://clients2.google.com/service/update2	POST	text/xml; charset=UTF-8	247
0251	https://clients2.google.com/service/update2	POST	text/xml; charset=UTF-8	247
0252	https://clients2.google.com/service/update2	POST	text/xml; charset=UTF-8	247
0253	https://clients2.google.com/service/update2	POST	text/xml; charset=UTF-8	247
0254	https://clients2.google.com/service/update2	POST	text/xml; charset=UTF-8	247
0255	https://clients2.google.com/service/update2	POST	text/xml; charset=UTF-8	247
0256	https://clients2.google.com/service/update2	POST	text/xml; charset=UTF-8	246
0257	https://clients2.google.com/service/update2	POST	text/xml; charset=UTF-8	247
0258	https://clients2.google.com/service/update2	POST	text/xml; charset=UTF-8	247
0259	https://clients2.google.com/service/update2	POST	text/xml; charset=UTF-8	247
0260	https://clients2.google.com/service/update2	POST	text/xml; charset=UTF-8	247
0261	https://clients2.google.com/service/update2	POST	text/xml; charset=UTF-8	247
0262	https://clients2.google.com/service/update2	POST	text/xml; charset=UTF-8	247
0263	https://clients2.google.com/service/update2	POST	text/xml; charset=UTF-8	247
0264	https://clients2.google.com/service/update2	POST	text/xml; charset=UTF-8	247
0265	https://clients2.google.com/service/update2	POST	text/xml; charset=UTF-8	247
0266	https://clients2.google.com/service/update2	POST	text/xml; charset=UTF-8	247
0267	https://clients2.google.com/service/update2	POST	text/xml; charset=UTF-8	247
0268	https://clients2.google.com/service/update2	POST	text/xml; charset=UTF-8	247
0269	https://clients2.google.com/service/update2	POST	text/xml; charset=UTF-8	247
0270	https://clients2.google.com/service/update2	POST	text/xml; charset=UTF-8	247
0271	https://clients2.google.com/service/update2	POST	text/xml; charset=UTF-8	247
0272	https://clients2.google.com/service/update2	POST	text/xml; charset=UTF-8	246
0273	https://clients2.google.com/service/update2	POST	text/xml; charset=UTF-8	247
0274	https://clients2.google.com/service/update2	POST	text/xml; charset=UTF-8	247
0275	https://clients2.google.com/service/update2	POST	text/xml; charset=UTF-8	247
0276	https://clients2.google.com/service/update2	POST	text/xml; charset=UTF-8	247
0277	https://clients2.google.com/service/update2	POST	text/xml; charset=UTF-8	247
0278	https://clients2.google.com/service/update2	POST	text/xml; charset=UTF-8	247
0279	https://clients2.google.com/service/update2?cup2key=6:1647101588&cup2hreq=28191a7cbda1f1051df3008c227d1aa2680823d58169614fee670adb4cbe2537	POST	text/xml; charset=UTF-8	1917
0280	https://clients2.google.com/service/update2?cup2key=6:16920926&cup2hreq=abd57e7fb00f51c0bbaf8b125ed8daf47ad81ba5ca3130e9d06c6dc00fe60de9	POST	text/xml; charset=UTF-8	7461
0281	https://clients2.google.com/service/update2?cup2key=6:2236295359&cup2hreq=f04c31124996550f071e9d052651488450e3b79203f0b5ef68a70d89e590d4c6	POST	text/xml; charset=UTF-8	1917
0282	https://clients2.google.com/service/update2?cup2key=6:2469614022&cup2hreq=0242df5aa9b5385233b20932aba8837fa75cbf5055f61df08f92b97fa6ad08af	POST	text/xml; charset=UTF-8	7460
0283	https://clients2.google.com/service/update2?cup2key=6:3185873341&cup2hreq=80c6f96f64c0df6cf6abb84f682ef578a9c33fada5333512bde271b925830362	POST	text/xml; charset=UTF-8	7460
0284	https://clients2.google.com/service/update2?cup2key=6:3539594310&cup2hreq=6e2d46be1e0d3bd43799ebe90265b6c8bb037629b056255da4e4b30c8ce75a19	POST	text/xml; charset=UTF-8	1917
0285	https://clients2.google.com/service/update2?cup2key=6:3566384535&cup2hreq=476cb79b1ee576be549728ae0702f46c29d2ee8db5558d7a7907b479729fa0ce	POST	text/xml; charset=UTF-8	1297
0286	https://clients2.google.com/service/update2?cup2key=6:3687050594&cup2hreq=5b3e7368a739ffeab64ceff8e456dd458ff480977778fdaa6bd08d4274ab5b76	POST	text/xml; charset=UTF-8	7460
0287	https://clients2.google.com/service/update2?cup2key=6:3690149835&cup2hreq=f2b9335847cee4419d71205248c59d7495bf8f787d626ecd225820f1ed977fdf	POST	text/xml; charset=UTF-8	7462
0288	https://clients2.google.com/service/update2?cup2key=6:3810386544&cup2hreq=4f8b1fc6e6c45192a82a9590aa08c6a183f0dffe4cf07048d0fbfaff8a448d5a	POST	text/xml; charset=UTF-8	1919
0289	https://clients2.google.com/service/update2?cup2key=6:3866462263&cup2hreq=002ab44f59e34509b0b62fa783f23e559e229197168c279d3c39b2eb47628f6a	POST	text/xml; charset=UTF-8	7460
0290	https://clients2.google.com/service/update2?cup2key=6:3882735607&cup2hreq=422d2f066c2646073bd744a7ca3a4579b2cacc97592e616a40e47f30ea134045	POST	text/xml; charset=UTF-8	7462
0291	https://clients2.google.com/service/update2?cup2key=6:549181896&cup2hreq=57e08ff97a320ad1cbd12bf46f162e56f02b7315254f8468edb0af2020a95d24	POST	text/xml; charset=UTF-8	7462
0292	https://clients2.google.com/service/update2?cup2key=6:55956135&cup2hreq=593780f34fe23cd96fb05d19c9e0ff005d71a3d8e5c2c9d89ac796ba7e39a0b1	POST	text/xml; charset=UTF-8	1298
0293	https://clients2.google.com/service/update2?cup2key=6:687712855&cup2hreq=cff8b37458131c7b36db3ab2e80d709735ebfcf9b243f48456602fdbbc4f8a1c	POST	text/xml; charset=UTF-8	7460
0294	https://clients2.google.com/service/update2?cup2key=6:720502868&cup2hreq=54dad12bc8315c96b75b05f3b504baaa89642dd7603f857e627d78c586c50e0c	POST	text/xml; charset=UTF-8	7460
0295	https://clients2.google.com/service/update2?cup2key=6:738069920&cup2hreq=2494bce2e4e74772570459c7df2e65cdd370e8024da345a61e6f131ddfdc18a2	POST	text/xml; charset=UTF-8	7460
0296	https://clients2.google.com/service/update2?cup2key=6:763513801&cup2hreq=c160add72c0b7fa0110e01e54935cfad638a6e065583e5ec20a4d5ab60205d27	POST	text/xml; charset=UTF-8	1298
0297	https://clients2.google.com/service/update2?cup2key=6:774077483&cup2hreq=8e0ee6acb890aa94e0fa42bf24cc1a8c5835659b32e3dfbff3dad884ecc66324	POST	text/xml; charset=UTF-8	1298
0298	https://clients2.googleusercontent.com/crx/blobs/QgAAAC6zw0qH2DJtnXe8Z7rUJP35Av6_uD2R0shIWqC2XwPmpwrDdH5TKyq_6MWRGfvCXV3f-8g220oUjAO-JvMYG2m5CSvsx6cHch05zQS7ZbtrAMZSmuWMzK-Yj7NpgCxtqGhyTFveAvi-IQ/extension_7.crx	GET	application/x-chrome-extension	676670
0299	https://dd3sxcrxfx21f.cloudfront.net/swf/script.min.js	GET	application/x-javascript	13016
0300	https://easylist.to/easylist/easylist.txt	GET	text/plain; charset=utf-8	2240495
0301	https://easylist.to/easylist/easyprivacy.txt	GET	text/plain; charset=utf-8	353274
0302	https://mirror.cedia.org.ec/malwaredomains/justdomains	GET	None	368435
0303	https://pgl.yoyo.org/adservers/serverlist.php?hostformat=hosts&showintro=1&mimetype=plaintext	GET	text/plain	62639
0304	https://publicsuffix.org/list/public_suffix_list.dat	GET	text/plain; charset=UTF-8	192977
0305	https://r1---sn-nx57yne7.gvt1.com/edgedl/chrome/dict/en-us-7-1.bdic?cms_redirect=yes&expire=1487665478&ip=50.112.216.148&ipbits=0&mm=28&mn=sn-nx57yne7&ms=nvh&mt=1487650640&mv=u&pl=21&shardbypass=yes&sparams=expire,ip,ipbits,mm,mn,ms,mv,pl,shardbypass&signature=7D9A12D0DCCE196B1226B205A6D82D377DB117B5.412B587FDA967B75756AA1D597C0ADA84E834A93&key=cms1	GET	application/octet-stream	446149
0306	https://raw.githubusercontent.com/gorhill/uBlock/master/assets/assets.json	GET	text/plain; charset=utf-8	18899
0307	https://raw.githubusercontent.com/uBlockOrigin/uAssets/master/filters/badware.txt	GET	text/plain; charset=utf-8	3684
0308	https://raw.githubusercontent.com/uBlockOrigin/uAssets/master/filters/filters.txt	GET	text/plain; charset=utf-8	59537
0309	https://raw.githubusercontent.com/uBlockOrigin/uAssets/master/filters/privacy.txt	GET	text/plain; charset=utf-8	4587
0310	https://raw.githubusercontent.com/uBlockOrigin/uAssets/master/filters/resources.txt	GET	text/plain; charset=utf-8	45587
0311	https://raw.githubusercontent.com/uBlockOrigin/uAssets/master/filters/unbreak.txt	GET	text/plain; charset=utf-8	16255
0312	https://redirector.gvt1.com/edgedl/chrome/dict/en-us-7-1.bdic	GET	text/html; charset=UTF-8	600
0313	https://www.google.com/_/chrome/newtab?espv=2&ie=UTF-8	GET	text/html; charset=UTF-8	42117
0314	https://www.google.com/favicon.ico	GET	image/x-icon	5430
0315	https://www.google.com/images/branding/googlelogo/2x/googlelogo_color_272x92dp.png	GET	image/png	13504
0316	https://www.google.com/sdch/GdWZbRbe.dct	GET	application/x-sdch-dictionary	116304
0317	https://www.google.com/sdch/kVLEvbTN.dct	GET	application/x-sdch-dictionary	149038
0318	https://www.google.com/search?q=%C3%9F&oq=%C3%9F&aqs=chrome..69i57.3476j0j4&sourceid=chrome&ie=UTF-8	GET	text/html; charset=UTF-8	187343
0319	https://www.google.com/search?q=nk+rel%3D%22import%22+href%3D%22chrome%3A%2F%2Fresources%2Fhtml%2Fload_time_data.html%22%3E+%3Clink+rel%3D%22import%22+href%3D%22chrome%3A%2F%2Fresources%2Fhtml%2Futil.html%22%3E+%3Cscript+src%3D%22chrome%3A%2F%2Fmedia-router%2Fstrings.js%22%3E%3C%2Fscript%3E+%3Cscript+src%3D%22chrome%3A%2F%2Fmedia-router%2Fmedia_router.js%22%3E%3C%2Fscript%3E+%3Clink+rel%3D%22import%22+href%3D%22chrome%3A%2F%2Fmedia-router%2Felements%2Fmedia_router_container%2Fmedia_router_container.html%22%3E+%3C%2Fhead%3E+%3Cbody%3E+%3Cmedia-router-container+id%3D%22media-router-container%22%3E%3C%2Fmedia-router-container%3E+%3Clink+rel%3D%22import%22+href%3D%22chrome%3A%2F%2Fresources%2Fhtml%2Fi18n_template.html%22%3E+%3C%2Fbody%3E+%3C%2Fhtml%3E&oq=nk+rel%3D%22import%22+href%3D%22chrome%3A%2F%2Fresources%2Fhtml%2Fload_time_data.html%22%3E+++%3Clink+rel%3D%22import%22+href%3D%22chrome%3A%2F%2Fresources%2Fhtml%2Futil.html%22%3E+++%3Cscript+src%3D%22chrome%3A%2F%2Fmedia-router%2Fstrings.js%22%3E%3C%2Fscript%3E+++%3Cscript+src%3D%22chrome%3A%2F%2Fmedia-router%2Fmedia_router.js%22%3E%3C%2Fscript%3E+++%3Clink+rel%3D%22import%22+href%3D%22chrome%3A%2F%2Fmedia-router%2Felements%2Fmedia_router_container%2Fmedia_router_container.html%22%3E+%3C%2Fhead%3E+%3Cbody%3E+++%3Cmedia-router-container+id%3D%22media-router-container%22%3E%3C%2Fmedia-router-container%3E+++%3Clink+rel%3D%22import%22+href%3D%22chrome%3A%2F%2Fresources%2Fhtml%2Fi18n_template.html%22%3E+%3C%2Fbody%3E+%3C%2Fhtml%3E&aqs=chrome..69i57&sourceid=chrome&ie=UTF-8	GET	text/html; charset=UTF-8	119945
0320	https://www.google.com/xjs/_/js/k=xjs.ntp.en_US.Ow4JBL94Dlk.O/m=jsa,ntp,d,csi/am=Gg/rt=j/d=1/t=zcms/rs=ACT90oEVhiZRYFsCjaYX3eVyMTYF6Dg1OA	GET	text/javascript; charset=UTF-8	170501
0321	https://www.malwaredomainlist.com/hostslist/hosts.txt	GET	text/plain	37136
