0000	http://ie1.trivago.com/images/layoutimages/mars/ctest/badges2/en.png	GET	image/png	3638
0001	http://ie1.trivago.com/images/retention/price_alert/education/en/price_alerts_step_1@1x_en.png	GET	image/png	17254
0002	http://ie1.trivago.com/images/retention/price_alert/education/en/price_alerts_step_2@1x_en.png	GET	image/png	7694
0003	http://ie1.trivago.com/images/retention/price_alert/education/en/price_alerts_step_3@1x_en.png	GET	image/png	5243
0004	http://ie2.trivago.com/images/layoutimages/favicon_moon/favicon_16x16.ico	GET	image/x-icon	1150
0005	http://ie2.trivago.com/images/layoutimages/flags/locale/imagemap_all_flags_21@2x.png	GET	image/png	14706
0006	http://imgec.trivago.com/categoryimages/0/184_v15_mq.jpeg	GET	image/jpeg	19911
0007	http://imgec.trivago.com/categoryimages/0/216_v27_mq.jpeg	GET	image/jpeg	4171
0008	http://imgec.trivago.com/categoryimages/0/4_v23_mq.jpeg	GET	image/jpeg	10089
0009	http://imgec.trivago.com/categoryimages/0/6_v51_mq.jpeg	GET	image/jpeg	29762
0010	http://imgec.trivago.com/categoryimages/0/80_v16_mq.jpeg	GET	image/jpeg	12711
0011	http://imgec.trivago.com/categoryimages/13/84/13849_v21_mq.jpeg	GET	image/jpeg	9159
0012	http://imgec.trivago.com/categoryimages/14/26/14267_v8_mq.jpeg	GET	image/jpeg	21729
0013	http://imgec.trivago.com/categoryimages/14/41/14411_v8_mq.jpeg	GET	image/jpeg	11231
0014	http://imgec.trivago.com/categoryimages/14/66/14667_v7_mq.jpeg	GET	image/jpeg	9456
0015	http://imgec.trivago.com/categoryimages/14/73/14734_v8_mq.jpeg	GET	image/jpeg	5058
0016	http://imgec.trivago.com/categoryimages/17/39/17399_v8_mq.jpeg	GET	image/jpeg	4882
0017	http://imgec.trivago.com/categoryimages/22/23/22235_v12_mq.jpeg	GET	image/jpeg	13798
0018	http://jse.trivago.com/_assets/osp/vAssets/1ae40c2072a79f41994a.js	GET	application/javascript	29541
0019	http://jse.trivago.com/_assets/osp/vAssets/2bf7bc4d422d540d69d3.js	GET	application/javascript	13707
0020	http://jse.trivago.com/_assets/osp/vAssets/2e92519e6f40685f72ae.js	GET	application/javascript	17413
0021	http://jse.trivago.com/_assets/osp/vAssets/4c29ae23e9a3dc906686.js	GET	application/javascript	190608
0022	http://jse.trivago.com/_assets/osp/vAssets/56c1f199904f8cdddeef.js	GET	application/javascript	65784
0023	http://jse.trivago.com/_assets/osp/vAssets/70f8280f679657adbc43.js	GET	application/javascript	27774
0024	http://jse.trivago.com/_assets/osp/vAssets/7597b8602b775a00c2ce.js	GET	application/javascript	4422
0025	http://jse.trivago.com/_assets/osp/vAssets/806a005fe84456ba6445.js	GET	application/javascript	507237
0026	http://jse.trivago.com/_assets/osp/vAssets/a7d87f85269192b2e220.js	GET	application/javascript	3743
0027	http://jse.trivago.com/_assets/osp/vAssets/addon_css.e12ad2d6589bfe67dcfc.ec.css	GET	text/css	46622
0028	http://jse.trivago.com/_assets/osp/vAssets/bf53cee9b9337671cb7e.js	GET	application/javascript	7721
0029	http://jse.trivago.com/_assets/osp/vAssets/cdc027bfec866edc8b61.js	GET	application/javascript	18971
0030	http://jse.trivago.com/_assets/osp/vAssets/clickout.04e991d99b7374a74b63.js	GET	application/javascript	24872
0031	http://jse.trivago.com/_assets/osp/vAssets/e33efefed865e9b366fc.js	GET	application/javascript	37439
0032	http://jse.trivago.com/_assets/osp/vAssets/main.38fc23de93fcd68f881e.ec.css	GET	text/css	189705
0033	http://jse.trivago.com/_assets/osp/vAssets/pricesearch.980df96582cfb0bc74ed.js	GET	application/javascript	605015
0034	http://jse.trivago.com/_assets/osp/vAssets/ssoIframe.bc27c13c2d390a98e0f8.js	GET	application/javascript	1204
0035	http://jse.trivago.com/_assets/osp/vAssets/vendor.f0aea0adffb9b1d1a988.js	GET	application/javascript	300495
0036	http://www.trivago.com/	GET	text/html; charset=UTF-8	233937
0037	http://www.trivago.com/bookmark/list	GET	application/json	2
0038	http://www.trivago.com/bookmark/recent	GET	application/json	2
0039	http://www.trivago.com/osp/time.php?_=1487565567626	GET	text/html; charset=UTF-8	15
0040	http://www.trivago.com/search/pageCheck	GET	text/css; charset=UTF-8	0
0041	http://www.trivago.com/search/v11_02_3ah_cache/opensearch_com-US-US.xml	GET	application/xml;charset=UTF-8	720
0042	http://www.trivago.com/sso/frame?other=trvSsoOp	GET	text/html; charset=UTF-8	886
0043	https://accounts.trivago.com/check-session-state?parent=www.trivago.com	GET	text/html; charset=UTF-8	496
0044	https://jse.trivago.com/_assets/accounts/vAssets/ssoIframe.e67c7bf77f2acc71a301.js	GET	application/javascript	1078
0045	https://sfo.trivago.com/tracking/map/Pfou98eRPVHBYCS6Wr2K647M6k?check=1	GET	image/png	82
0046	https://sfo.trivago.com/tracking/setTracker/j8fiq4chaqnep5f6tb67ivjar1.US.Pfou98eRPVHBYCS6Wr2K647M6k	GET	text/html; charset=UTF-8	436
0047	https://www.google.com/_/chrome/newtab/manifest?espv=2&ie=UTF-8	GET	text/cache-manifest; charset=UTF-8	321
0048	https://www.google.com/_/chrome/newtab?espv=2&ie=UTF-8	GET	text/html; charset=UTF-8	42086
0049	https://www.google.com/favicon.ico	GET	image/x-icon	5430
0050	https://www.google.com/images/branding/googlelogo/2x/googlelogo_color_272x92dp.png	GET	image/png	13504
0051	https://www.google.com/xjs/_/js/k=xjs.ntp.en_US.Ow4JBL94Dlk.O/m=jsa,ntp,d,csi/am=Gg/rt=j/d=1/t=zcms/rs=ACT90oEVhiZRYFsCjaYX3eVyMTYF6Dg1OA	GET	text/javascript; charset=UTF-8	170501
